SYMBOL, SERIES, DATE1, PREV_CLOSE, OPEN_PRICE, HIGH_PRICE, LOW_PRICE, LAST_PRICE, CLOSE_PRICE, AVG_PRICE, TTL_TRD_QNTY, TURNOVER_LACS, NO_OF_TRADES, DELIV_QTY, DELIV_PER
RELIANCE, EQ, 06-Jan-2022,2469.6,2451.2,2454.0,2409.0, 2419.15,2416.5,2423.21,6667483,161567.36,227953, 3950375, 59.25
RELIANCE, EQ, 26-Feb-2020,1416.4,1410.0,1412.35,1387.35, 1389.50,1392.0,1399.83,13423661,187908.09,268512, 8145083, 60.68
RELIANCE, EQ, 21-Sep-2022,2502.85,2496.75,2533.0,2495.0, 2507.70,2509.75,2515.3,4249172,106879.28,146056, 2095628, 49.32
RELIANCE, EQ, 14-Oct-2020,2280.7,2278.9,2304.0,2268.5, 2283.00,2287.5,2284.78,12341487,281975.89,281008, 4373851, 35.44
RELIANCE, EQ, 18-Dec-2019,1562.7,1563.0,1580.0,1562.0, 1577.15,1575.85,1569.63,6739582,105786.62,220134, 3537553, 52.49
RELIANCE, EQ, 11-May-2022,2474.65,2472.65,2484.95,2421.95,2450.75,2449.3,2454.29,7681157,188517.61,325039, 3471644, 45.20
RELIANCE, EQ, 03-Apr-2020,1080.45,1134.45,1134.45,1056.3, 1088.00,1077.45,1077.52,18912044,203780.95,519365, 6471589, 34.22
RELIANCE, EQ, 10-Jun-2021,2175.0,2193.4,2230.0,2177.55, 2184.80,2183.0,2199.39,6532832,143682.73,215752, 1927662, 29.51
RELIANCE, EQ, 18-Mar-2020,1008.0,1025.3,1035.9,961.0, 976.45,968.5,992.19,20450497,202907.76,499736, 8751121, 42.79
RELIANCE, EQ, 22-Apr-2021,1901.15,1892.25,1914.45,1876.7,1905.1,1906.4,1898.59,6687573,126969.48,209895, 3155063, 47.18
RELIANCE, EQ, 14-Nov-2019,1472.3,1476.0,1481.6,1455.8,1458.25,1462.75,1466.92,6518339,95618.81,127557, 2601168, 39.91
RELIANCE, EQ, 07-Dec-2021,2362.6,2376.15,2404.0,2360.0,2382.0,2381.85,2387.87,5185007,123811.08,233720, 2782548, 53.67
RELIANCE, EQ, 12-Aug-2021,2117.3,2124.9,2126.2,2105.0, 2109.80,2110.5,2115.11,3755507,79433.26,114345, 1900505, 50.61
RELIANCE, EQ, 06-Aug-2021,2134.25,2129.95,2146.95,2078.75, 2090.00,2089.05,2101.07,7670583,161164.0,225682, 3217925, 41.95
RELIANCE, EQ, 29-May-2020,1472.25,1468.0,1472.0,1452.65, 1470.00,1464.4,1462.79,18471770,270202.86,300018, 10292573, 55.72
RELIANCE, EQ, 21-Oct-2021,2700.4,2727.4,2728.0,2603.2, 2635.00,2622.5,2642.91,9613812,254084.16,356400, 6238985, 64.90
RELIANCE, EQ, 13-Dec-2021,2458.95,2473.5,2474.1,2404.0,2411.45,2409.65,2425.3,5954148,144406.14,240510, 3289988, 55.26
RELIANCE, EQ, 09-Jun-2022,2724.05,2710.0,2803.0,2710.0, 2796.05,2798.75,2763.87,7973935,220388.9,281501, 4301647, 53.95
RELIANCE, EQ, 04-Jun-2021,2209.65,2214.8,2216.45,2184.25, 2186.90,2190.5,2197.67,6677278,146744.74,219435, 2770956, 41.50
RELIANCE, EQ, 17-Apr-2020,1168.05,1216.0,1230.0,1192.65, 1229.90,1224.0,1208.12,15209707,183751.16,322391, 5515033, 36.26
RELIANCE, EQ, 05-May-2022,2693.65,2723.5,2730.0,2632.0, 2643.00,2640.9,2677.81,7942721,212690.99,256514, 4135949, 52.07
RELIANCE, EQ, 25-Jun-2020,1727.85,1727.0,1749.0,1713.05, 1719.00,1717.9,1728.41,18312705,316518.04,318478, 6775567, 37.00
RELIANCE, EQ, 27-Aug-2020,2137.3,2148.0,2150.0,2103.25,2108.1,2110.6,2126.98,12962139,275701.86,297474, 3408902, 26.30
RELIANCE, EQ, 12-Jan-2022,2455.55,2471.3,2524.95,2465.0,2518.0,2521.1,2505.89,6830402,171162.27,267056, 3238315, 47.41
RELIANCE, EQ, 28-Jun-2022,2492.65,2482.1,2533.95,2482.1, 2530.00,2527.7,2515.75,6263867,157583.4,279432, 2590698, 41.36
RELIANCE, EQ, 08-May-2020,1506.95,1545.0,1579.9,1537.1, 1559.45,1561.8,1560.62,38522385,601186.29,727915, 12438706, 32.29
RELIANCE, EQ, 27-Aug-2021,2230.45,2237.0,2242.75,2216.05, 2225.00,2227.4,2228.28,4836812,107777.69,152317, 2665237, 55.10
RELIANCE, EQ, 21-Nov-2019,1547.65,1545.0,1556.0,1528.55, 1540.50,1537.6,1538.44,6810577,104776.85,160090, 2929568, 43.01
RELIANCE, EQ, 25-Jun-2021,2153.5,2153.5,2153.5,2081.1, 2104.50,2104.45,2106.02,25546334,538010.77,629847, 9894247, 38.73
RELIANCE, EQ, 04-Jun-2020,1541.65,1544.0,1589.5,1541.0,1576.0,1579.8,1570.24,15784612,247855.61,356122, 4083577, 25.87
RELIANCE, EQ, 24-May-2022,2606.9,2607.0,2638.0,2597.7,2615.05,2615.85,2619.42,6243086,163532.68,238049, 3094755, 49.57
RELIANCE, EQ, 13-Feb-2020,1470.3,1477.75,1477.75,1462.6, 1470.45,1474.15,1470.71,6201763,91209.66,116464, 2969412, 47.88
RELIANCE, EQ, 06-Aug-2020,2126.45,2157.0,2167.7,2107.8,2136.55,2134.1,2139.59,22762726,487028.11,468092, 3095157, 13.60
RELIANCE, EQ, 14-Sep-2022,2619.75,2575.0,2610.0,2572.75,2589.15,2588.35,2595.02,4004997,103930.66,156954, 2191578, 54.72
RELIANCE, EQ, 21-Oct-2020,2155.9,2168.0,2192.0,2097.75, 2122.65,2124.6,2143.87,15729989,337231.25,399065, 3975978, 25.28
RELIANCE, EQ, 12-Aug-2020,2133.8,2121.0,2145.0,2106.8,2126.55,2127.6,2129.79,13967529,297478.58,308155, 2213804, 15.85
RELIANCE, EQ, 07-Feb-2020,1457.8,1451.0,1452.35,1428.3, 1432.00,1433.65,1437.06,5581641,80211.39,134128, 2493746, 44.68
RELIANCE, EQ, 15-Mar-2022,2418.85,2427.95,2427.95,2340.85,2362.0,2363.45,2386.09,7349740,175371.37,257511, 3924279, 53.39
RELIANCE, EQ, 27-Jan-2022,2373.25,2336.0,2356.1,2311.05, 2347.00,2338.1,2333.67,9239426,215617.8,315266, 5271565, 57.06
RELIANCE, EQ, 07-Dec-2020,1946.75,1940.6,1965.0,1940.6, 1958.35,1958.2,1955.62,8418767,164638.94,267040, 3706525, 44.03
RELIANCE, EQ, 30-May-2022,2575.1,2615.0,2674.0,2594.2, 2668.00,2664.8,2640.57,6393341,168820.84,176733, 2716871, 42.50
RELIANCE, EQ, 22-Apr-2020,1237.35,1320.0,1384.9,1300.0,1359.0,1363.6,1341.48,65230894,875059.43,1194059, 15175508, 23.26
RELIANCE, EQ, 18-Mar-2021,2055.35,2072.9,2084.8,2001.0, 2010.00,2009.1,2038.79,9528809,194272.31,295771, 4198315, 44.06
RELIANCE, EQ, 10-Jun-2020,1537.15,1543.1,1579.55,1540.05, 1575.00,1572.15,1556.73,10214426,159010.58,262174, 2815033, 27.56
RELIANCE, EQ, 26-Feb-2021,2144.35,2117.0,2133.9,2070.7,2079.5,2085.8,2096.69,17297575,362676.02,489066, 7330239, 42.38
RELIANCE, EQ, 14-Oct-2021,2694.95,2700.35,2717.45,2687.2,2701.0,2700.4,2700.84,3979730,107485.97,144964, 2254495, 56.65
RELIANCE, EQ, 21-Sep-2021,2394.35,2405.0,2416.6,2384.0, 2400.00,2404.7,2401.93,4576111,109915.11,149803, 2365643, 51.70
RELIANCE, EQ, 06-Jan-2021,1966.1,1965.9,1966.0,1905.15, 1915.50,1914.25,1928.17,21414270,412903.68,659284, 9038101, 42.21
RELIANCE, EQ, 19-Oct-2020,2175.8,2190.05,2228.7,2155.15, 2175.50,2176.2,2189.75,14399062,315303.32,363717, 3772907, 26.20
RELIANCE, EQ, 11-May-2021,1926.2,1915.0,1938.55,1910.0, 1933.90,1933.15,1929.4,6220217,120012.89,175976, 3035544, 48.80
RELIANCE, EQ, 23-Jul-2021,2120.7,2134.45,2134.45,2102.05,2104.0,2105.7,2119.06,4585938,97178.86,143981, 2219555, 48.40
RELIANCE, EQ, 22-Apr-2022,2782.1,2758.9,2802.0,2744.2, 2762.00,2758.8,2768.55,6947490,192344.87,221036, 3113096, 44.81
RELIANCE, EQ, 10-Jun-2022,2798.75,2771.9,2789.9,2701.5,2713.9,2714.25,2740.01,8349943,228789.44,278759, 4608963, 55.20
RELIANCE, EQ, 02-Jul-2020,1737.6,1743.0,1767.6,1735.05, 1759.50,1760.35,1755.2,13286760,233208.64,262833, 3239259, 24.38
RELIANCE, EQ, 19-Nov-2019,1459.2,1467.0,1514.9,1465.0, 1511.55,1509.75,1496.45,13795569,206443.25,285115, 4937220, 35.79
RELIANCE, EQ, 07-Feb-2022,2331.3,2342.0,2356.8,2305.0, 2319.40,2317.1,2330.89,4944725,115255.87,243702, 2190778, 44.31
RELIANCE, EQ, 12-Aug-2022,2591.1,2590.3,2641.35,2582.2,2632.0,2633.0,2626.23,5838244,153325.63,256139, 2683554, 45.97
RELIANCE, EQ, 27-Nov-2020,1952.6,1940.5,1956.1,1921.4,1940.5,1929.8,1935.45,21845931,422816.38,314085, 12489338, 57.17
RELIANCE, EQ, 27-Jan-2020,1521.55,1514.9,1524.45,1505.0, 1508.00,1506.55,1513.43,6120429,92628.15,130826, 2671210, 43.64
RELIANCE, EQ, 09-Jun-2021,2214.6,2219.0,2221.0,2157.95,2178.0,2175.0,2189.57,5265326,115288.03,167739, 1817182, 34.51
RELIANCE, EQ, 14-Sep-2020,2319.75,2325.0,2360.0,2282.0,2296.25,2302.55,2323.57,20335480,472509.41,450188, 3578138, 17.60
RELIANCE, EQ, 16-Jul-2020,1844.0,1847.0,1869.0,1812.45, 1842.05,1843.4,1844.01,28133993,518794.21,543130, 6562839, 23.33
RELIANCE, EQ, 05-May-2021,1916.6,1923.35,1938.5,1908.05, 1921.50,1920.1,1923.26,5719649,110003.64,190990, 1762417, 30.81
RELIANCE, EQ, 12-Jan-2021,1897.25,1903.0,1960.0,1899.9, 1955.50,1957.05,1935.51,18996047,367669.89,417387, 8987850, 47.31
RELIANCE, EQ, 12-Nov-2021,2554.55,2562.9,2598.75,2557.0, 2588.00,2593.1,2582.61,4020744,103840.1,149602, 2336224, 58.10
RELIANCE, EQ, 20-Mar-2020,917.7,939.5,1034.9,930.0, 1028.00,1017.95,983.98,28967526,285034.44,589033, 12676996, 43.76
RELIANCE, EQ, 12-Nov-2020,1997.2,1981.0,2008.45,1965.0, 1981.75,1980.0,1987.14,18481466,367252.19,440630, 6746860, 36.51
RELIANCE, EQ, 28-Jun-2021,2104.45,2122.0,2126.5,2081.0, 2089.00,2086.0,2100.31,9357852,196543.8,286857, 4383331, 46.84
RELIANCE, EQ, 05-May-2020,1435.2,1453.7,1479.0,1447.2, 1462.65,1460.65,1464.23,20528706,300586.98,412545, 4924874, 23.99
RELIANCE, EQ, 24-May-2021,2002.55,2008.0,2009.8,1982.0, 1985.05,1985.65,1994.09,3946636,78699.37,130059, 1599399, 40.53
RELIANCE, EQ, 19-Sep-2022,2499.2,2499.2,2522.7,2481.35, 2502.40,2502.45,2506.17,3498286,87673.15,137901, 1678286, 47.97
RELIANCE, EQ, 16-Jul-2021,2082.35,2087.75,2114.75,2087.6, 2110.00,2112.4,2104.6,4074206,85745.69,126660, 1881604, 46.18
RELIANCE, EQ, 20-Dec-2019,1609.95,1615.0,1617.55,1596.1, 1600.00,1599.1,1604.6,9724619,156041.32,164538, 4876789, 50.15
RELIANCE, EQ, 01-Mar-2021,2085.8,2110.2,2112.0,2062.5, 2103.00,2101.7,2092.87,8159670,170771.01,266082, 2970300, 36.40
RELIANCE, EQ, 14-Sep-2021,2371.55,2375.0,2394.0,2366.0, 2370.50,2368.45,2377.55,4111205,97745.84,153291, 2491875, 60.61
RELIANCE, EQ, 09-Jun-2020,1569.5,1560.3,1583.0,1533.0, 1535.90,1537.15,1555.91,11934073,185683.35,307011, 2953746, 24.75
RELIANCE, EQ, 27-Jan-2021,1941.0,1925.0,1925.0,1888.0, 1890.00,1895.0,1904.59,19553809,372419.8,637355, 9587173, 49.03
RELIANCE, EQ, 15-Mar-2021,2137.6,2140.05,2148.9,2080.5, 2105.00,2108.9,2103.37,7706302,162091.9,268696, 3083696, 40.02
RELIANCE, EQ, 02-Jul-2021,2097.95,2097.0,2132.9,2092.95,2131.55,2129.05,2120.31,6500973,137840.75,187794, 3363482, 51.74
RELIANCE, EQ, 23-Jul-2020,2004.0,2003.95,2079.7,1991.35, 2076.00,2057.8,2035.95,26921058,548100.58,498584, 9589647, 35.62
RELIANCE, EQ, 19-Oct-2021,2707.6,2723.8,2751.35,2708.0,2730.8,2731.85,2733.67,4076617,111441.19,203192, 1855378, 45.51
RELIANCE, EQ, 11-May-2020,1561.8,1580.0,1615.0,1572.3, 1575.00,1576.8,1592.89,30670404,488545.66,576001, 11723342, 38.22
RELIANCE, EQ, 06-Jan-2020,1537.15,1520.0,1527.9,1498.0, 1499.90,1501.5,1512.57,11209343,169549.37,225138, 6398638, 57.08
RELIANCE, EQ, 06-Nov-2020,1955.0,1990.0,2040.0,1978.15, 2025.00,2029.15,2015.72,30770080,620238.8,649196, 8468704, 27.52
RELIANCE, EQ, 21-Sep-2020,2305.7,2300.0,2336.0,2247.35, 2250.00,2255.85,2291.38,15519433,355609.77,342489, 5046850, 32.52
RELIANCE, EQ, 02-Jun-2020,1520.35,1526.0,1540.0,1520.8,1537.95,1535.7,1531.68,10224102,156600.45,224472, 3522633, 34.45
RELIANCE, EQ, 30-Apr-2020,1426.95,1453.95,1494.95,1438.05,1464.0,1466.0,1467.88,32617901,478792.56,663204, 9287707, 28.47
RELIANCE, EQ, 15-Dec-2020,1991.3,1989.7,1989.7,1961.1,1973.6,1974.35,1973.54,8561406,168962.74,240918, 3108604, 36.31
RELIANCE, EQ, 27-Oct-2020,2029.1,2034.9,2059.85,2005.0, 2034.40,2034.5,2026.38,16835011,341140.89,462764, 5199796, 30.89
RELIANCE, EQ, 12-Sep-2022,2569.3,2570.55,2612.0,2570.55, 2597.60,2598.05,2596.44,3431445,89095.27,123802, 1612795, 47.00
RELIANCE, EQ, 06-Oct-2021,2609.2,2619.95,2619.95,2551.1, 2554.00,2559.85,2585.47,4734472,122408.33,175209, 2432010, 51.37
RELIANCE, EQ, 23-Jun-2021,2225.75,2250.0,2250.6,2201.7, 2208.15,2205.35,2217.44,7685796,170427.62,214835, 3994464, 51.97
RELIANCE, EQ, 19-Nov-2020,1987.2,1987.2,2010.45,1968.2, 1972.00,1973.15,1987.24,12828008,254922.81,307890, 3570924, 27.84
RELIANCE, EQ, 27-Nov-2019,1560.25,1559.95,1575.5,1556.1, 1575.10,1569.85,1564.27,4408336,68958.3,107469, 1986795, 45.07
RELIANCE, EQ, 05-Apr-2021,2021.85,2024.95,2025.0,1962.1,1992.0,1992.6,1986.24,6864856,136352.37,246459, 2208186, 32.17
RELIANCE, EQ, 12-Oct-2021,2652.65,2645.0,2683.0,2641.25, 2668.00,2667.8,2661.5,3083747,82074.03,145888, 1584484, 51.38
RELIANCE, EQ, 08-Apr-2022,2572.85,2560.0,2625.0,2560.0, 2617.95,2615.65,2602.86,6992874,182014.45,213226, 4458242, 63.75
RELIANCE, EQ, 28-Jul-2020,2156.2,2156.2,2194.0,2150.65,2177.0,2177.7,2175.67,25435618,553395.8,528044, 5577191, 21.93
RELIANCE, EQ, 20-Dec-2021,2340.45,2317.85,2317.85,2247.1,2276.8,2277.35,2277.67,6611376,150585.13,331211, 3744186, 56.63
RELIANCE, EQ, 06-Sep-2022,2569.8,2573.0,2606.0,2572.0, 2594.00,2596.85,2592.68,5030172,130416.46,174426, 2588620, 51.46
RELIANCE, EQ, 14-Aug-2020,2122.05,2122.55,2157.0,2089.25, 2112.00,2113.8,2129.96,15333759,326602.68,346390, 2362119, 15.40
RELIANCE, EQ, 01-Dec-2020,1929.8,1940.35,1966.25,1930.05,1954.1,1954.9,1950.09,9114939,177749.77,272346, 3073957, 33.72
RELIANCE, EQ, 09-Jul-2021,2092.6,2088.0,2091.7,2066.1,2071.95,2071.2,2074.82,4170886,86538.18,169203, 2009477, 48.18
RELIANCE, EQ, 21-Jan-2022,2477.45,2452.0,2502.25,2452.0, 2476.05,2477.85,2475.83,6155759,152406.31,236838, 3203303, 52.04
RELIANCE, EQ, 24-Apr-2020,1370.9,1350.15,1494.95,1347.2,1425.8,1417.0,1431.67,61711388,883502.96,1154959, 9965286, 16.15
RELIANCE, EQ, 04-Jul-2022,2408.7,2378.95,2442.0,2366.1,2413.0,2413.7,2412.08,19317335,465949.3,525122, 8925205, 46.20
RELIANCE, EQ, 16-Jun-2020,1614.55,1643.0,1648.55,1585.3, 1614.05,1617.7,1617.17,23623299,382029.83,424919, 5774484, 24.44
RELIANCE, EQ, 16-Jun-2021,2250.0,2244.9,2247.05,2205.85, 2209.55,2211.6,2223.78,4982975,110810.47,163887, 1901607, 38.16
RELIANCE, EQ, 19-Aug-2022,2661.3,2650.0,2661.7,2604.95, 2609.80,2613.85,2631.57,4366123,114897.48,159356, 2043043, 46.79
RELIANCE, EQ, 01-Dec-2021,2405.4,2433.0,2474.0,2425.1,2467.75,2467.0,2449.6,4663276,114231.48,202787, 1687324, 36.18
RELIANCE, EQ, 09-Jul-2020,1798.0,1809.0,1835.0,1786.25, 1826.75,1824.25,1813.36,16807403,304778.78,352813, 4527046, 26.93
RELIANCE, EQ, 29-Apr-2022,2819.85,2856.15,2856.15,2777.3,2799.7,2790.25,2817.63,8406156,236854.33,231044, 4308908, 51.26
RELIANCE, EQ, 01-Feb-2021,1841.95,1859.4,1905.0,1848.0, 1898.15,1895.3,1874.03,15774504,295618.21,370120, 7864911, 49.86
RELIANCE, EQ, 28-Jul-2021,2055.0,2058.0,2058.0,2016.25,2035.0,2037.35,2033.86,5952355,121062.41,222240, 3270667, 54.95
RELIANCE, EQ, 12-Oct-2020,2233.45,2235.0,2255.75,2226.25, 2236.00,2237.05,2239.55,6565525,147038.04,146831, 1868691, 28.46
RELIANCE, EQ, 20-Feb-2020,1503.8,1497.0,1508.0,1483.8, 1487.00,1485.95,1495.83,7722577,115516.7,176470, 4689093, 60.72
RELIANCE, EQ, 25-Jul-2022,2503.1,2467.45,2467.45,2403.0, 2417.40,2420.4,2422.67,10665470,258388.71,450900, 5024203, 47.11
RELIANCE, EQ, 17-May-2022,2427.2,2435.1,2539.9,2432.0, 2533.50,2529.15,2501.03,7638666,191045.27,278980, 4085578, 53.49
RELIANCE, EQ, 23-Jun-2020,1746.15,1750.0,1763.75,1716.1, 1721.70,1720.9,1731.86,17521196,303443.11,400333, 6287909, 35.89
RELIANCE, EQ, 19-Jan-2021,1983.95,1994.65,2031.0,1994.65, 2015.00,2016.4,2018.21,14771048,298111.13,411707, 6055057, 40.99
RELIANCE, EQ, 21-Aug-2020,2097.05,2118.0,2122.0,2077.0, 2084.75,2081.85,2096.99,11667281,244662.08,296981, 2236600, 19.17
RELIANCE, EQ, 06-Oct-2020,2212.2,2225.25,2233.9,2201.65,2213.0,2210.35,2213.64,8497352,188100.41,230575, 2565411, 30.19
RELIANCE, EQ, 14-Jan-2022,2535.3,2535.0,2567.3,2525.85, 2537.00,2539.0,2545.66,9197773,234143.61,195865, 5804124, 63.10
RELIANCE, EQ, 27-Oct-2021,2661.05,2652.0,2676.8,2619.95, 2622.30,2627.4,2652.28,4567140,121133.3,176020, 2090011, 45.76
RELIANCE, EQ, 15-Feb-2021,2041.6,2048.05,2061.3,2025.0, 2034.00,2032.6,2043.13,7287590,148895.02,222500, 1339156, 18.38
RELIANCE, EQ, 15-Dec-2021,2380.15,2384.0,2405.0,2361.1, 2369.90,2373.2,2379.84,4322855,102877.02,199178, 1991411, 46.07
RELIANCE, EQ, 18-Feb-2022,2443.5,2444.4,2456.4,2420.15,2427.3,2424.4,2440.25,3126873,76303.67,158691, 1216161, 38.89
RELIANCE, EQ, 30-Apr-2021,2024.05,2008.5,2036.0,1987.55,1995.9,1994.5,2010.2,9150974,183953.21,288687, 3902504, 42.65
RELIANCE, EQ, 02-Jun-2021,2168.9,2157.0,2209.5,2157.0, 2207.00,2201.25,2178.64,11366816,247641.88,258490, 5460571, 48.04
RELIANCE, EQ, 06-Nov-2019,1447.3,1442.7,1446.45,1428.5, 1433.00,1434.9,1436.25,6686289,96031.95,158809, 3953109, 59.12
RELIANCE, EQ, 14-Oct-2019,1352.6,1364.95,1364.95,1350.85,1356.9,1358.0,1358.27,6123412,83172.38,118992, 3590983, 58.64
RELIANCE, EQ, 18-Feb-2020,1478.25,1475.9,1475.9,1457.4, 1466.90,1467.4,1465.63,5086964,74556.03,142911, 2468083, 48.52
RELIANCE, EQ, 18-Dec-2020,1985.6,1980.1,2004.9,1965.0, 1998.10,1991.55,1981.58,8522215,168874.34,226069, 3412555, 40.04
RELIANCE, EQ, 26-Mar-2020,1082.25,1095.8,1116.9,1042.35, 1069.00,1066.2,1074.95,20912934,224803.24,592742, 8024956, 38.37
RELIANCE, EQ, 14-Jan-2020,1543.7,1540.0,1550.0,1521.85, 1529.10,1529.4,1533.76,7230788,110902.63,173502, 3796096, 52.50
RELIANCE, EQ, 11-Apr-2022,2615.65,2600.0,2638.55,2583.0,2610.95,2610.2,2606.45,4270816,111316.87,195602, 2103573, 49.25
RELIANCE, EQ, 31-Jul-2020,2108.85,2114.5,2129.0,2052.8,2070.0,2067.1,2077.02,34593375,718511.86,748942, 9000404, 26.02
RELIANCE, EQ, 23-Jun-2022,2505.6,2515.05,2525.0,2445.0,2469.0,2464.95,2485.55,8974475,223064.91,400081, 4049346, 45.12
RELIANCE, EQ, 05-Apr-2022,2663.7,2651.1,2669.9,2620.7, 2626.00,2626.05,2636.9,6068663,160024.66,204933, 3962890, 65.30
RELIANCE, EQ, 08-Apr-2021,2002.85,2011.0,2022.0,1993.0, 2006.40,2005.35,2006.16,7092878,142294.32,191800, 2633682, 37.13
RELIANCE, EQ, 21-Jan-2021,2054.7,2082.0,2120.0,2075.0, 2107.00,2099.4,2102.61,18038987,379289.62,483168, 6386636, 35.40
RELIANCE, EQ, 29-Apr-2020,1428.15,1444.9,1453.65,1420.0,1427.0,1426.95,1436.42,17141540,246224.04,389293, 4350009, 25.38
RELIANCE, EQ, 06-Sep-2021,2388.5,2413.0,2480.0,2412.0,2429.0,2425.6,2445.46,15525644,379672.66,496545, 5627874, 36.25
RELIANCE, EQ, 19-Aug-2020,2118.55,2141.0,2154.0,2121.35,2137.0,2131.55,2137.37,15731409,336238.08,288995, 2518453, 16.01
RELIANCE, EQ, 16-Jun-2022,2596.3,2623.0,2659.05,2554.0, 2555.10,2560.0,2603.56,7896943,205601.74,282387, 3664860, 46.41
RELIANCE, EQ, 13-Mar-2020,1063.0,998.0,1140.0,942.4, 1116.95,1105.3,1053.35,33509757,352974.04,706395, 14587908, 43.53
RELIANCE, EQ, 29-Apr-2021,1997.3,2022.9,2044.5,2007.3, 2020.00,2024.05,2024.21,8035915,162663.39,213153, 2834103, 35.27
RELIANCE, EQ, 01-Feb-2022,2386.6,2408.0,2420.6,2347.1,2382.8,2378.7,2394.79,6092033,145891.7,227599, 2933488, 48.15
RELIANCE, EQ, 21-Jan-2020,1532.35,1528.6,1545.85,1522.0, 1535.00,1533.9,1535.68,8650831,132848.92,233395, 3328773, 38.48
RELIANCE, EQ, 27-Sep-2021,2482.7,2487.0,2529.9,2475.3, 2527.00,2524.45,2510.93,7095022,178151.17,224209, 4184695, 58.98
RELIANCE, EQ, 08-Apr-2020,1206.1,1180.0,1229.0,1160.0, 1197.00,1192.15,1194.6,22803774,272414.43,538577, 7545325, 33.09
RELIANCE, EQ, 28-Jul-2022,2419.2,2436.0,2467.95,2421.0, 2453.60,2457.1,2446.73,5766936,141101.47,207490, 2973888, 51.57
RELIANCE, EQ, 17-May-2021,1937.3,1937.3,1963.45,1930.4,1958.85,1960.35,1950.25,5479424,106862.68,164252, 2006899, 36.63
RELIANCE, EQ, 13-Dec-2019,1568.2,1580.0,1590.0,1572.4, 1584.05,1582.9,1580.61,5791522,91541.6,138857, 2543114, 43.91
RELIANCE, EQ, 18-Oct-2019,1396.5,1404.0,1427.9,1398.7,1416.0,1416.35,1416.38,12856410,182095.82,228083, 5482520, 42.64
RELIANCE, EQ, 19-Jan-2022,2521.8,2530.0,2542.0,2509.0, 2521.40,2521.6,2522.72,4502155,113576.96,153189, 2589631, 57.52
RELIANCE, EQ, 03-May-2021,1994.5,1966.0,1979.0,1943.1,1956.0,1959.05,1958.46,10909942,213666.39,343806, 3800598, 34.84
RELIANCE, EQ, 14-Jan-2021,1938.8,1945.0,1966.9,1939.05, 1958.10,1960.6,1957.17,9946818,194676.51,287671, 5225648, 52.54
RELIANCE, EQ, 26-Mar-2021,1991.45,2012.0,2013.7,1973.7,1994.0,1994.65,1995.09,9313160,185805.59,296946, 3226521, 34.64
RELIANCE, EQ, 15-Feb-2022,2338.55,2351.2,2423.9,2335.7,2415.1,2417.95,2381.19,5174646,123218.14,261746, 2563105, 49.53
RELIANCE, EQ, 10-Jul-2020,1824.25,1828.5,1884.6,1824.25,1880.2,1878.05,1859.58,20195490,375551.85,455198, 4248376, 21.04
RELIANCE, EQ, 02-Jun-2022,2633.5,2634.0,2732.45,2634.0,2728.3,2724.3,2701.3,10211408,275841.04,297958, 4788206, 46.89
RELIANCE, EQ, 18-Feb-2021,2083.25,2085.0,2108.4,2059.1,2063.5,2067.7,2085.18,8605531,179440.45,228157, 2460456, 28.59
RELIANCE, EQ, 22-May-2020,1441.25,1451.8,1458.0,1426.5,1433.0,1431.55,1442.31,17458503,251805.93,388907, 4083814, 23.39
RELIANCE, EQ, 28-May-2020,1445.55,1455.0,1479.75,1449.0,1471.05,1472.25,1467.5,18519252,271769.81,405603, 8377100, 45.23
RELIANCE, EQ, 12-Feb-2021,2055.7,2055.5,2078.0,2015.4,2040.0,2041.6,2049.91,14074374,288511.64,369938, 2446469, 17.38
RELIANCE, EQ, 20-Oct-2021,2731.85,2742.75,2742.75,2691.5, 2703.50,2700.4,2710.54,5865926,158998.37,186061, 3785182, 64.53
RELIANCE, EQ, 08-Jun-2022,2772.75,2772.75,2781.0,2716.3,2722.0,2724.05,2741.07,5759172,157862.94,241691, 3012536, 52.31
RELIANCE, EQ, 18-Sep-2020,2298.75,2314.25,2319.45,2276.55, 2303.60,2305.7,2305.1,15264101,351852.53,219641, 6340779, 41.54
RELIANCE, EQ, 01-Nov-2019,1464.35,1455.0,1461.8,1441.0,1456.15,1456.9,1451.6,6356579,92272.42,236195, 3504112, 55.13
RELIANCE, EQ, 16-Apr-2020,1149.85,1149.85,1187.45,1145.0, 1170.00,1168.05,1172.19,17123533,200719.56,387003, 6815679, 39.80
RELIANCE, EQ, 04-May-2022,2780.45,2785.0,2790.0,2676.3,2692.0,2693.65,2728.03,8882792,242324.83,277638, 4758487, 53.57
RELIANCE, EQ, 24-Jun-2020,1720.9,1735.9,1772.7,1711.7,1732.5,1727.85,1739.65,23808524,414185.23,488048, 5829283, 24.48
RELIANCE, EQ, 01-Oct-2020,2234.35,2263.8,2263.8,2214.0, 2229.05,2225.25,2237.62,9591467,214620.15,237645, 2356434, 24.57
RELIANCE, EQ, 26-Aug-2020,2082.1,2085.0,2147.95,2047.0, 2133.70,2137.3,2102.41,27631028,580917.47,533755, 6707265, 24.27
RELIANCE, EQ, 21-Mar-2022,2481.7,2444.0,2484.0,2439.0,2463.0,2467.4,2465.17,5537752,136515.02,235063, 3019258, 54.52
RELIANCE, EQ, 13-Jan-2022,2521.1,2521.25,2541.0,2508.4, 2536.25,2535.3,2525.55,5471871,138194.65,186278, 3115794, 56.94
RELIANCE, EQ, 19-Dec-2019,1575.85,1573.7,1614.9,1571.8, 1613.00,1609.95,1595.68,9375484,149602.7,194045, 4087484, 43.60
RELIANCE, EQ, 07-Jan-2022,2416.5,2430.95,2458.05,2411.55,2439.9,2436.0,2436.73,6051239,147452.14,191088, 3342839, 55.24
RELIANCE, EQ, 27-Feb-2020,1392.0,1388.0,1393.8,1369.0, 1380.45,1386.25,1381.33,11454300,158221.76,240043, 6101634, 53.27
RELIANCE, EQ, 20-Sep-2022,2502.45,2522.45,2537.7,2494.7, 2497.85,2502.85,2518.24,3881882,97754.96,178557, 1776953, 45.78
RELIANCE, EQ, 15-Oct-2020,2287.5,2290.0,2290.0,2195.0, 2203.25,2206.5,2241.04,9246893,207226.39,265699, 3100443, 33.53
RELIANCE, EQ, 22-Jul-2022,2486.3,2500.0,2516.3,2495.0, 2502.95,2503.1,2504.62,5062651,126799.95,172852, 2374481, 46.90
RELIANCE, EQ, 30-Jun-2020,1723.15,1737.0,1741.0,1695.55, 1707.50,1704.1,1718.1,13973038,240070.94,277133, 5567451, 39.84
RELIANCE, EQ, 10-May-2022,2518.3,2495.0,2526.6,2458.0, 2461.70,2474.65,2495.14,9004636,224678.46,329083, 4214002, 46.80
RELIANCE, EQ, 15-Nov-2019,1462.75,1465.65,1486.8,1463.15, 1466.80,1470.85,1476.84,7173674,105943.4,152000, 3241407, 45.18
RELIANCE, EQ, 11-Jun-2021,2183.0,2182.9,2228.0,2180.1, 2215.80,2213.15,2214.24,6351520,140638.18,226319, 1955394, 30.79
RELIANCE, EQ, 23-Apr-2021,1906.4,1906.0,1918.9,1895.35,1903.35,1904.35,1907.47,5459016,104128.94,171621, 2589266, 47.43
RELIANCE, EQ, 19-Mar-2020,968.5,920.1,967.0,892.2, 917.70,917.7,918.86,28072062,257943.6,636588, 13023488, 46.39
RELIANCE, EQ, 06-Dec-2021,2408.25,2416.0,2425.0,2357.15, 2365.95,2362.6,2388.06,4768334,113870.71,210176, 1750877, 36.72
RELIANCE, EQ, 13-Aug-2021,2110.5,2117.3,2149.9,2108.95,2143.0,2145.65,2132.45,5898384,125780.28,187810, 3269124, 55.42
RELIANCE, EQ, 01-Sep-2022,2637.95,2582.65,2604.95,2550.7,2564.0,2560.4,2580.13,9188434,237073.63,346414, 5658983, 61.59
RELIANCE, EQ, 13-Aug-2020,2127.6,2128.0,2138.9,2110.0, 2125.80,2122.05,2122.69,11459251,243244.74,266729, 3601994, 31.43
RELIANCE, EQ, 06-Feb-2020,1448.5,1454.1,1467.0,1440.1, 1455.00,1457.8,1452.93,7103715,103212.04,163247, 2877846, 40.51
RELIANCE, EQ, 14-Mar-2022,2399.15,2386.9,2424.4,2374.0,2422.2,2418.85,2401.52,3849222,92439.99,160500, 1800381, 46.77
RELIANCE, EQ, 31-May-2022,2664.8,2641.4,2678.8,2615.7, 2623.60,2632.65,2638.54,32591420,859938.99,309551, 19734107, 60.55
RELIANCE, EQ, 19-Mar-2021,2009.1,1991.0,2095.85,1982.8,2078.1,2082.0,2047.5,19284892,394858.4,431829, 9334589, 48.40
RELIANCE, EQ, 23-Apr-2020,1363.6,1367.35,1385.85,1353.3,1370.15,1370.9,1369.1,29928331,409749.16,612506, 9233839, 30.85
RELIANCE, EQ, 11-Jun-2020,1572.15,1566.0,1567.95,1531.0, 1538.80,1537.7,1546.33,9408283,145483.03,269490, 3034020, 32.25
RELIANCE, EQ, 30-Jun-2021,2087.8,2096.25,2122.65,2091.05, 2112.00,2110.65,2107.86,9120556,192248.81,251722, 4591548, 50.34
RELIANCE, EQ, 29-Jun-2022,2527.7,2507.2,2597.0,2501.0, 2576.00,2580.15,2559.16,8863172,226822.91,383990, 3617967, 40.82
RELIANCE, EQ, 01-Oct-2021,2519.25,2501.95,2539.8,2495.0, 2525.00,2523.7,2521.05,4134544,104233.89,144149, 2032482, 49.16
RELIANCE, EQ, 26-Aug-2021,2202.6,2208.0,2244.9,2205.0, 2232.00,2230.45,2230.28,8579105,191338.18,248660, 4241826, 49.44
RELIANCE, EQ, 24-Jun-2021,2205.35,2206.85,2214.6,2140.0, 2147.80,2153.5,2174.85,42209687,917998.05,755278, 15742153, 37.30
RELIANCE, EQ, 16-Apr-2021,1944.3,1936.6,1949.9,1926.45,1929.0,1932.1,1935.23,7225679,139833.64,206958, 3583568, 49.59
RELIANCE, EQ, 20-Nov-2019,1509.75,1555.05,1572.4,1543.2, 1548.50,1547.65,1559.65,19904164,310435.34,376334, 8724272, 43.83
RELIANCE, EQ, 05-Jun-2020,1579.8,1595.0,1618.0,1573.7, 1579.20,1581.7,1596.41,15270435,243779.05,339237, 3362416, 22.02
RELIANCE, EQ, 25-May-2022,2615.85,2635.0,2656.7,2601.5, 2613.40,2612.0,2625.82,5867760,154076.8,224077, 2740033, 46.70
RELIANCE, EQ, 12-Feb-2020,1452.75,1456.15,1474.85,1455.0, 1473.15,1470.3,1465.86,6187091,90693.81,192511, 3063711, 49.52
RELIANCE, EQ, 28-May-2021,1976.1,1990.0,2105.0,1990.0,2094.45,2094.8,2067.42,26060864,538787.92,642384, 7383808, 28.33
RELIANCE, EQ, 07-Aug-2020,2134.1,2129.8,2157.8,2120.2,2146.0,2146.45,2141.31,15222384,325958.34,329099, 3705643, 24.34
RELIANCE, EQ, 15-Sep-2022,2588.35,2583.0,2603.55,2556.75,2563.0,2562.7,2573.85,4783723,123126.03,181399, 2838610, 59.34
RELIANCE, EQ, 20-Oct-2020,2176.2,2179.0,2193.0,2152.25, 2155.85,2155.9,2166.54,8529621,184797.43,275082, 2119328, 24.85
RELIANCE, EQ, 08-Jun-2021,2227.4,2226.6,2227.15,2198.15, 2211.50,2214.6,2213.34,4464889,98823.32,147771, 1548468, 34.68
RELIANCE, EQ, 15-Sep-2020,2302.55,2311.95,2325.75,2288.15, 2324.00,2318.85,2311.23,12543161,289901.11,270331, 2498608, 19.92
RELIANCE, EQ, 17-Jul-2020,1843.4,1845.0,1920.0,1838.0, 1916.00,1911.7,1876.25,22949535,430591.61,487421, 4591431, 20.01
RELIANCE, EQ, 04-May-2021,1959.05,1950.0,1967.8,1911.0, 1918.00,1916.6,1935.83,10083693,195203.3,325798, 4435071, 43.98
RELIANCE, EQ, 13-Jan-2021,1957.05,1963.55,1974.95,1918.45, 1936.00,1938.8,1948.25,12284876,239340.34,304901, 4368602, 35.56
RELIANCE, EQ, 29-Jun-2020,1741.65,1728.05,1739.75,1715.55, 1722.70,1723.15,1724.38,11825126,203910.56,225499, 4609009, 38.98
RELIANCE, EQ, 09-May-2022,2620.65,2574.95,2597.1,2507.0, 2508.00,2518.3,2540.75,8345649,212042.15,344258, 3496083, 41.89
RELIANCE, EQ, 20-Sep-2021,2390.55,2372.1,2418.35,2370.0, 2391.85,2394.35,2398.57,5436385,130395.53,171011, 3042705, 55.97
RELIANCE, EQ, 07-Jan-2021,1914.25,1920.5,1945.0,1905.15, 1912.80,1911.15,1919.86,14918406,286412.63,454695, 6452659, 43.25
RELIANCE, EQ, 10-May-2021,1931.75,1939.0,1946.8,1920.95, 1927.10,1926.2,1932.02,6433879,124303.61,197986, 2996697, 46.58
RELIANCE, EQ, 22-Jul-2021,2093.8,2119.0,2123.9,2098.15, 2121.50,2120.7,2111.6,3679260,77691.1,133510, 1995464, 54.24
RELIANCE, EQ, 03-Jul-2020,1760.35,1779.8,1793.0,1768.0, 1788.00,1787.9,1781.69,13584004,242025.08,254096, 3420711, 25.18
RELIANCE, EQ, 01-Sep-2020,2080.7,2100.0,2122.4,2062.4, 2092.00,2087.25,2091.83,17821488,372795.21,327904, 4956555, 27.81
RELIANCE, EQ, 26-Nov-2020,1947.8,1953.05,1965.0,1930.05, 1957.00,1952.6,1946.67,11924527,232130.95,266412, 3406506, 28.57
RELIANCE, EQ, 18-Nov-2019,1470.85,1472.65,1486.0,1455.4, 1460.05,1459.2,1468.4,6435097,94492.87,128242, 3180530, 49.42
RELIANCE, EQ, 01-Sep-2021,2258.15,2273.0,2292.9,2263.0,2266.0,2267.1,2274.28,5143640,116980.56,173178, 2684394, 52.19
RELIANCE, EQ, 26-Nov-2021,2492.95,2467.8,2477.6,2401.5, 2405.10,2412.6,2433.36,7274686,177018.96,306992, 2921250, 40.16
RELIANCE, EQ, 31-May-2021,2094.8,2102.0,2191.7,2085.05, 2153.50,2160.3,2154.29,27285782,587814.22,624166, 7125331, 26.11
RELIANCE, EQ, 07-Oct-2019,1308.1,1308.1,1320.8,1301.7, 1308.90,1310.1,1312.08,4599818,60353.33,121109, 1835479, 39.90
RELIANCE, EQ, 30-Jun-2022,2580.15,2580.0,2615.9,2566.0,2589.0,2595.65,2596.11,10666627,276917.9,321110, 5419202, 50.81
RELIANCE, EQ, 22-Jul-2020,1971.55,1983.0,2010.0,1960.7, 2004.00,2004.0,1993.46,27584769,549891.21,547567, 8711054, 31.58
RELIANCE, EQ, 18-Oct-2021,2700.4,2668.6,2745.0,2662.3, 2707.80,2707.6,2713.78,6273850,170258.56,274696, 3527305, 56.22
RELIANCE, EQ, 07-Jan-2020,1501.5,1519.0,1534.5,1513.5, 1526.95,1524.6,1523.12,7627191,116170.96,180713, 3049916, 39.99
RELIANCE, EQ, 26-Aug-2022,2632.05,2633.0,2650.0,2607.0,2623.0,2618.0,2622.3,4957449,129999.29,191312, 2885652, 58.21
RELIANCE, EQ, 13-Nov-2020,1980.0,1982.0,2036.65,1981.75,2000.05,1996.4,2007.38,20946864,420482.69,507695, 5280992, 25.21
RELIANCE, EQ, 29-Jun-2021,2086.0,2089.5,2109.0,2084.1, 2090.00,2087.8,2091.92,12526981,262054.56,267376, 6733274, 53.75
RELIANCE, EQ, 13-Jan-2020,1547.65,1545.05,1558.7,1538.4, 1539.85,1543.7,1548.94,8358090,129461.47,143022, 5030540, 60.19
RELIANCE, EQ, 04-May-2020,1466.0,1440.0,1465.0,1417.45, 1435.00,1435.2,1442.94,24439240,352643.65,544309, 8018280, 32.81
RELIANCE, EQ, 24-Jun-2022,2464.95,2480.0,2511.0,2468.0, 2497.55,2500.05,2491.97,6571866,163769.09,258066, 3440303, 52.35
RELIANCE, EQ, 25-May-2021,1985.65,1996.4,1997.0,1960.0, 1964.00,1963.15,1974.34,6821015,134669.76,208558, 4040447, 59.24
RELIANCE, EQ, 15-Sep-2021,2368.45,2368.5,2395.75,2368.5, 2379.40,2378.3,2380.39,4186300,99650.45,168130, 2310144, 55.18
RELIANCE, EQ, 08-Jun-2020,1581.7,1618.4,1618.4,1565.0, 1571.80,1569.5,1588.27,14498055,230268.97,322987, 3584176, 24.72
RELIANCE, EQ, 13-Oct-2021,2667.8,2679.0,2719.5,2669.3,2698.0,2694.95,2691.35,4596429,123706.08,205663, 2360789, 51.36
RELIANCE, EQ, 29-Jul-2020,2177.7,2177.9,2182.8,2070.45, 2092.00,2096.65,2124.29,33536361,712411.19,738739, 9443206, 28.16
RELIANCE, EQ, 21-Dec-2021,2277.35,2311.35,2346.0,2292.2,2313.0,2311.25,2317.69,5924071,137301.78,241858, 2954613, 49.87
RELIANCE, EQ, 07-Sep-2022,2596.85,2575.0,2594.9,2570.0, 2580.50,2581.75,2580.95,3455942,89196.02,117855, 1724115, 49.89
RELIANCE, EQ, 08-Jul-2021,2110.05,2116.95,2116.95,2081.0, 2091.00,2092.6,2097.58,5162088,108278.97,223120, 2689326, 52.10
RELIANCE, EQ, 20-Jan-2022,2521.6,2500.05,2509.95,2455.0, 2482.10,2477.45,2480.98,7612203,188857.34,251195, 5220672, 68.58
RELIANCE, EQ, 05-Jul-2022,2413.7,2423.0,2464.9,2417.1,2431.55,2433.25,2440.39,8144239,198751.58,351338, 3241427, 39.80
RELIANCE, EQ, 17-Jun-2020,1617.7,1608.25,1635.45,1602.1,1611.85,1615.35,1618.64,19282519,312115.19,299203, 7420780, 38.48
RELIANCE, EQ, 03-Jun-2020,1535.7,1545.0,1560.0,1533.35,1543.0,1541.65,1543.74,11713666,180828.25,227825, 5197313, 44.37
RELIANCE, EQ, 11-Jul-2022,2391.4,2376.5,2428.8,2370.0,2421.5,2423.9,2400.92,6390604,153433.21,224208, 2790542, 43.67
RELIANCE, EQ, 23-May-2022,2624.45,2631.5,2653.55,2593.0,2602.5,2606.9,2617.9,7039144,184277.95,256879, 3078691, 43.74
RELIANCE, EQ, 18-Oct-2019,1396.5,1404.0,1427.9,1398.7,1416.0,1416.35,1416.38,12856410,182095.82,228083, 5482520, 42.64
RELIANCE, EQ, 14-Dec-2020,2005.8,2007.95,2015.0,1986.35,1993.5,1991.3,1997.46,7989830,159593.62,248928, 2832392, 35.45
RELIANCE, EQ, 26-Oct-2020,2113.05,2101.95,2101.95,2018.5,2034.9,2029.1,2052.69,17225340,353583.23,581238, 6324776, 36.72
RELIANCE, EQ, 13-Sep-2022,2598.05,2618.0,2629.7,2601.0, 2619.00,2619.75,2617.12,4102114,107357.22,155135, 2170824, 52.92
RELIANCE, EQ, 14-Feb-2020,1474.15,1477.25,1501.45,1453.1, 1485.85,1487.6,1483.41,9704655,143959.62,229509, 3144368, 32.40
RELIANCE, EQ, 20-Aug-2021,2172.65,2143.0,2172.0,2137.0,2140.1,2148.25,2155.63,4350228,93775.03,147112, 1877339, 43.15
RELIANCE, EQ, 07-Oct-2021,2559.85,2595.0,2598.75,2567.7, 2572.00,2572.4,2583.27,2924370,75544.41,122777, 1479822, 50.60
RELIANCE, EQ, 26-Nov-2019,1561.55,1568.1,1576.35,1556.0, 1561.20,1560.25,1563.16,16152137,252483.83,218748, 11981538, 74.18
RELIANCE, EQ, 22-Jun-2021,2237.25,2254.0,2261.0,2219.35, 2225.00,2225.75,2245.45,5940386,133388.61,180362, 2507156, 42.21
RELIANCE, EQ, 18-Nov-2020,1993.25,1993.25,2006.5,1960.1, 1991.20,1987.2,1979.95,14030652,277800.2,410607, 3601706, 25.67
RELIANCE, EQ, 02-May-2022,2790.25,2762.0,2805.5,2758.05,2780.9,2780.45,2783.29,4369022,121602.68,189251, 1939501, 44.39
RELIANCE, EQ, 18-Nov-2021,2464.0,2460.0,2489.0,2450.05,2473.0,2473.3,2467.65,3925345,96863.87,218820, 1573249, 40.08
RELIANCE, EQ, 18-Jan-2021,1937.45,1949.1,1997.0,1923.35, 1972.80,1983.95,1967.71,16198856,318746.87,399642, 6014603, 37.13
RELIANCE, EQ, 22-Jun-2020,1759.4,1773.4,1804.2,1735.0, 1752.50,1746.15,1771.18,27781772,492066.52,613265, 7287358, 26.23
RELIANCE, EQ, 20-Aug-2020,2131.55,2120.0,2123.9,2088.0,2098.6,2097.05,2109.01,10402292,219385.04,267102, 2363592, 22.72
RELIANCE, EQ, 07-Oct-2020,2210.35,2235.0,2309.0,2220.0,2259.4,2257.5,2276.27,24538620,558564.96,542898, 3167121, 12.91
RELIANCE, EQ, 26-Oct-2021,2601.8,2617.1,2668.9,2603.15, 2666.30,2661.05,2635.7,4499706,118598.6,199021, 2113316, 46.97
RELIANCE, EQ, 14-Dec-2021,2409.65,2380.0,2406.0,2373.4,2382.5,2380.15,2386.78,5995586,143101.34,248926, 3370468, 56.22
RELIANCE, EQ, 07-Nov-2019,1434.9,1435.0,1463.0,1432.2, 1461.00,1458.6,1448.68,6438749,93276.88,135012, 3465630, 53.82
RELIANCE, EQ, 03-Jun-2021,2201.25,2221.0,2250.0,2196.1, 2208.00,2209.65,2221.49,11064116,245788.78,341728, 3241763, 29.30
RELIANCE, EQ, 17-Jun-2021,2211.6,2200.0,2235.0,2179.9, 2214.15,2215.65,2212.43,7266765,160771.77,225832, 2716466, 37.38
RELIANCE, EQ, 18-Aug-2022,2665.15,2660.0,2669.0,2640.2,2662.0,2661.3,2654.44,3419730,90774.58,131393, 1529502, 44.73
RELIANCE, EQ, 13-Nov-2019,1427.8,1430.0,1475.9,1430.0,1469.1,1472.3,1460.74,11532364,168457.51,213111, 4972794, 43.12
RELIANCE, EQ, 08-Jul-2020,1823.45,1824.05,1834.95,1790.0,1795.4,1798.0,1812.33,12093523,219174.89,285951, 4348610, 35.96
RELIANCE, EQ, 28-Apr-2022,2778.35,2809.95,2851.0,2786.1, 2810.00,2819.85,2823.91,11820892,333811.06,361970, 6937716, 58.69
RELIANCE, EQ, 29-Jul-2021,2037.35,2054.0,2074.4,2043.4,2054.3,2053.25,2057.2,6352886,130691.4,203791, 3910056, 61.55
RELIANCE, EQ, 21-Dec-2020,1991.55,2010.0,2022.0,1855.25, 1935.00,1939.7,1976.82,20368545,402648.99,514099, 5751990, 28.24
RELIANCE, EQ, 13-Oct-2020,2237.05,2230.6,2285.75,2225.85, 2279.00,2280.7,2259.76,10666280,241032.09,255851, 3449962, 32.34
RELIANCE, EQ, 16-May-2022,2426.6,2434.45,2481.0,2416.65,2428.05,2427.2,2444.28,6201594,151584.13,244925, 3089139, 49.81
RELIANCE, EQ, 24-Jul-2020,2057.8,2058.0,2163.0,2057.8,2148.4,2146.15,2128.53,55656793,1184668.76,1078097, 12522509, 22.50
RELIANCE, EQ, 04-Apr-2022,2655.85,2655.45,2675.0,2641.65,2660.65,2663.7,2658.17,3659307,97270.52,167593, 1859891, 50.83
RELIANCE, EQ, 01-Jan-2020,1514.05,1518.0,1527.1,1505.5, 1511.80,1509.6,1515.23,6402372,97010.63,122265, 1523290, 23.79
RELIANCE, EQ, 09-Apr-2021,2005.35,1998.45,2006.35,1980.0,1983.45,1982.05,1989.08,6478482,128862.35,234390, 2807275, 43.33
RELIANCE, EQ, 21-Feb-2022,2424.4,2412.0,2437.5,2384.6, 2399.60,2399.9,2409.12,5125968,123490.78,226214, 2888548, 56.35
RELIANCE, EQ, 08-Jul-2022,2388.1,2418.0,2418.0,2382.55,2391.0,2391.4,2393.99,8773162,210028.72,310810, 5266144, 60.03
RELIANCE, EQ, 20-Jan-2021,2016.4,2021.4,2058.0,2001.4, 2053.00,2054.7,2036.58,14271669,290653.37,456106, 6676332, 46.78
RELIANCE, EQ, 12-Mar-2021,2181.95,2195.0,2206.4,2123.9, 2136.90,2137.6,2160.6,7783173,168163.46,244889, 2820317, 36.24
RELIANCE, EQ, 28-Apr-2020,1429.75,1450.0,1455.45,1392.15, 1430.00,1428.15,1421.22,35866381,509741.11,746066, 7100366, 19.80
RELIANCE, EQ, 07-Sep-2021,2425.6,2430.0,2458.0,2412.0, 2439.00,2440.9,2437.65,8006968,195181.92,256461, 3224702, 40.27
RELIANCE, EQ, 01-Oct-2019,1332.25,1337.0,1342.0,1293.3, 1303.70,1304.9,1320.17,8192597,108155.96,199164, 2523507, 30.80
RELIANCE, EQ, 05-Jul-2021,2129.05,2136.45,2153.55,2131.5, 2150.00,2150.2,2145.57,5400604,115873.49,175055, 3073627, 56.91
RELIANCE, EQ, 18-Aug-2020,2091.35,2085.0,2134.3,2082.35,2120.2,2118.55,2118.58,14097932,298675.38,281219, 2559498, 18.16
RELIANCE, EQ, 19-Feb-2020,1467.4,1479.35,1506.45,1475.1, 1504.50,1503.8,1497.34,6438918,96412.69,249278, 2453851, 38.11
RELIANCE, EQ, 15-Oct-2019,1358.0,1362.5,1370.0,1354.3, 1364.15,1364.15,1364.34,4422075,60332.15,144636, 2043101, 46.20
RELIANCE, EQ, 13-Sep-2021,2425.6,2433.0,2433.0,2368.05, 2369.80,2371.55,2381.94,7527598,179302.87,327407, 4414702, 58.65
RELIANCE, EQ, 27-Mar-2020,1066.2,1095.0,1107.3,1046.2, 1067.95,1065.6,1070.06,19044644,203788.96,502817, 8854044, 46.49
RELIANCE, EQ, 15-Jan-2020,1529.4,1535.85,1539.9,1518.25, 1524.10,1523.85,1526.75,7231393,110405.51,212172, 3990113, 55.18
RELIANCE, EQ, 30-Jul-2020,2096.65,2099.0,2139.7,2072.0, 2101.90,2108.85,2111.03,33624516,709823.81,663693, 6855972, 20.39
RELIANCE, EQ, 22-Jun-2022,2584.1,2558.1,2558.3,2501.0,2502.0,2505.6,2524.18,4899839,123680.76,229961, 2129069, 43.45
RELIANCE, EQ, 18-Jan-2022,2552.25,2554.75,2562.35,2515.75, 2523.00,2521.8,2540.02,2868235,72853.65,158330, 1312810, 45.77
RELIANCE, EQ, 30-Jul-2021,2053.25,2058.0,2067.95,2031.1, 2037.00,2035.3,2049.03,5238304,107334.45,158088, 3003800, 57.34
RELIANCE, EQ, 06-Dec-2019,1550.85,1553.0,1568.0,1541.1, 1554.50,1554.9,1555.3,5982129,93040.05,127437, 1885092, 31.51
RELIANCE, EQ, 15-Jan-2021,1960.6,1960.6,1973.8,1920.05,1937.9,1937.45,1952.72,9503790,185582.05,264152, 3947767, 41.54
RELIANCE, EQ, 15-Nov-2021,2593.1,2600.0,2602.2,2570.0, 2574.50,2577.8,2581.57,2216708,57225.94,107475, 1054022, 47.55
RELIANCE, EQ, 14-Feb-2022,2376.4,2340.25,2354.95,2313.0,2332.0,2338.55,2338.11,4947109,115668.68,219862, 2751275, 55.61
RELIANCE, EQ, 06-Mar-2020,1311.15,1270.0,1288.15,1241.1, 1269.85,1271.0,1271.62,15422068,196109.75,389652, 9634796, 62.47
RELIANCE, EQ, 01-Aug-2022,2509.45,2519.15,2587.75,2507.6, 2569.00,2574.85,2560.47,7245568,185520.38,262991, 3695549, 51.00
RELIANCE, EQ, 03-Jun-2022,2724.3,2744.0,2817.35,2742.0, 2778.00,2779.5,2793.34,11048210,308614.5,353834, 5136072, 46.49
RELIANCE, EQ, 19-Feb-2021,2067.7,2057.0,2104.95,2053.3,2080.0,2080.3,2088.14,10800704,225533.57,279181, 3029362, 28.05
RELIANCE, EQ, 18-Aug-2021,2164.25,2174.0,2186.8,2152.6, 2168.00,2172.65,2170.19,4650008,100914.14,146613, 2287876, 49.20
RELIANCE, EQ, 25-Apr-2022,2758.8,2742.4,2758.4,2663.65,2696.0,2695.0,2711.2,7874671,213498.03,282246, 4210856, 53.47
RELIANCE, EQ, 17-Jun-2022,2560.0,2560.0,2624.85,2556.1,2605.05,2590.0,2592.42,11286988,292606.4,287827, 5410573, 47.94
RELIANCE, EQ, 20-Nov-2020,1973.15,1975.0,1983.8,1895.0,1901.0,1899.5,1923.27,26522972,510108.22,794436, 7772176, 29.30
RELIANCE, EQ, 07-Sep-2020,2077.25,2084.0,2105.75,2044.25, 2099.60,2082.65,2071.8,10119099,209647.07,255801, 2619452, 25.89
RELIANCE, EQ, 28-Apr-2021,1988.65,1997.85,2008.0,1980.15, 1993.15,1997.3,1997.6,7902002,157850.76,247331, 3921560, 49.63
RELIANCE, EQ, 12-Mar-2020,1153.55,1085.0,1101.0,1048.7, 1059.00,1063.0,1076.2,25588170,275380.49,646095, 13287100, 51.93
RELIANCE, EQ, 20-Jan-2020,1581.0,1609.0,1609.0,1526.4, 1532.20,1532.35,1557.85,14878868,231791.01,338270, 5239886, 35.22
RELIANCE, EQ, 09-Apr-2020,1192.15,1214.0,1232.8,1193.0, 1217.75,1219.95,1214.91,15101711,183472.14,368355, 4543136, 30.08
RELIANCE, EQ, 01-Nov-2021,2536.25,2536.25,2556.0,2494.1, 2538.10,2537.8,2523.59,7144532,180298.85,273829, 4144630, 58.01
RELIANCE, EQ, 29-Jul-2022,2457.1,2474.7,2517.1,2464.0,2507.2,2509.45,2494.3,6982808,174172.22,270354, 3783646, 54.19
RELIANCE, EQ, 01-Jan-2021,1985.3,1988.0,1997.0,1982.0, 1988.00,1987.5,1989.5,4622002,91954.8,139680, 1013314, 21.92
RELIANCE, EQ, 12-Dec-2019,1562.4,1570.25,1573.85,1556.65, 1571.10,1568.2,1564.76,4720977,73872.06,134048, 2509810, 53.16
RELIANCE, EQ, 15-Apr-2021,1931.8,1926.3,1961.0,1913.0,1943.0,1944.3,1933.33,9102492,175981.49,189159, 4483830, 49.26
RELIANCE, EQ, 18-Apr-2022,2551.65,2533.0,2559.8,2521.8, 2540.20,2543.85,2538.38,4603103,116844.41,222881, 3079230, 66.89
RELIANCE, EQ, 25-Aug-2021,2183.7,2185.4,2220.0,2180.1, 2201.00,2202.6,2204.22,6175126,136113.65,198304, 2434419, 39.42
RELIANCE, EQ, 31-Jan-2022,2335.85,2360.2,2406.4,2356.2,2384.05,2386.6,2388.27,5604308,133846.13,268776, 2989691, 53.35
RELIANCE, EQ, 19-Jul-2021,2112.4,2100.0,2124.0,2092.25, 2097.95,2098.95,2108.57,3855577,81297.63,129037, 1752416, 45.45
RELIANCE, EQ, 11-Dec-2020,2007.0,2013.0,2038.0,1974.25, 1999.40,2005.8,2015.5,12434745,250621.87,265002, 3553151, 28.57
RELIANCE, EQ, 23-Oct-2020,2106.95,2106.0,2135.0,2096.4, 2112.00,2113.05,2118.9,10809383,229040.54,265187, 3551502, 32.86
RELIANCE, EQ, 03-Mar-2022,2398.55,2400.0,2414.85,2370.05,2382.0,2378.3,2392.27,4701183,112464.76,230143, 2479449, 52.74
RELIANCE, EQ, 11-Feb-2020,1435.6,1447.4,1466.2,1445.05, 1454.50,1452.75,1457.22,6400245,93265.5,224142, 2779570, 43.43
RELIANCE, EQ, 04-Aug-2020,2009.0,2020.6,2167.0,2000.25,2158.4,2150.6,2098.08,42477225,891204.95,827312, 7253795, 17.08
RELIANCE, EQ, 16-Sep-2022,2562.7,2543.75,2553.0,2491.0, 2498.00,2499.2,2509.51,9330469,234148.93,311718, 5587220, 59.88
RELIANCE, EQ, 14-Jul-2022,2377.55,2388.0,2433.95,2376.95, 2399.00,2397.15,2398.08,7831798,187812.44,257217, 3162562, 40.38
RELIANCE, EQ, 26-May-2022,2612.0,2624.4,2634.9,2548.0,2589.0,2587.1,2587.3,8252551,213518.51,295460, 3568836, 43.25
RELIANCE, EQ, 20-Apr-2020,1224.0,1226.0,1257.0,1202.0, 1248.10,1243.8,1228.75,16472339,202404.04,365965, 3828855, 23.24
RELIANCE, EQ, 28-Jan-2021,1895.0,1880.15,1923.3,1870.0, 1876.35,1876.55,1895.32,15722291,297988.06,446576, 4697008, 29.87
RELIANCE, EQ, 12-Jun-2020,1537.7,1500.0,1593.0,1497.0, 1588.70,1588.8,1552.68,17790565,276230.18,337575, 4514688, 25.38
RELIANCE, EQ, 02-Sep-2022,2560.4,2560.4,2575.35,2525.7,2527.95,2530.5,2546.24,5999196,152753.79,266158, 3185305, 53.10
RELIANCE, EQ, 10-Aug-2020,2146.45,2159.1,2165.0,2108.1, 2121.60,2119.85,2136.58,12441939,265831.61,300073, 2893247, 23.25
RELIANCE, EQ, 05-Feb-2020,1426.4,1434.9,1452.8,1430.3, 1446.30,1448.5,1442.46,8444823,121813.51,242039, 3774342, 44.69
RELIANCE, EQ, 17-Mar-2022,2403.35,2432.75,2497.4,2415.1, 2487.50,2481.7,2456.66,9886295,242872.97,274442, 5961590, 60.30
RELIANCE, EQ, 25-Jan-2022,2377.9,2349.55,2388.65,2305.0,2368.1,2373.25,2343.88,11311456,265127.44,482175, 6446850, 56.99
RELIANCE, EQ, 09-Oct-2019,1310.1,1308.7,1329.95,1292.5,1328.7,1324.75,1309.53,8040938,105298.15,182007, 3984784, 49.56
RELIANCE, EQ, 31-Aug-2021,2270.25,2276.9,2283.75,2242.25,2257.0,2258.15,2257.63,12223037,275950.94,206759, 6602508, 54.02
RELIANCE, EQ, 24-Feb-2021,2023.45,2030.0,2065.25,2026.15, 2060.55,2061.0,2048.89,4987735,102193.3,135224, 1950596, 39.11
RELIANCE, EQ, 09-Nov-2020,2029.15,2062.1,2069.0,2036.0, 2051.00,2050.7,2051.91,16539467,339375.03,384188, 6258441, 37.84
RELIANCE, EQ, 01-Apr-2021,2003.1,2018.0,2030.0,2003.15, 2020.00,2021.85,2017.89,5410307,109174.12,140946, 1895300, 35.03
RELIANCE, EQ, 09-Jan-2020,1513.15,1538.6,1550.0,1531.25, 1549.50,1548.0,1541.76,6849606,105604.32,154953, 2657056, 38.79
RELIANCE, EQ, 21-Jul-2022,2503.0,2494.0,2500.0,2467.3,2486.0,2486.3,2482.92,7625468,189334.28,197537, 4032523, 52.88
RELIANCE, EQ, 09-Nov-2021,2501.95,2505.0,2528.9,2487.05,2528.6,2521.7,2508.11,7237470,181523.75,205289, 4623106, 63.88
RELIANCE, EQ, 13-May-2022,2399.4,2426.0,2478.0,2415.35,2431.45,2426.6,2451.67,8910998,218468.0,408746, 4652716, 52.21
RELIANCE, EQ, 01-Apr-2020,1113.75,1122.25,1124.6,1045.2,1084.0,1080.45,1072.84,19017099,204023.65,414675, 7771573, 40.87
RELIANCE, EQ, 04-Jan-2022,2403.85,2415.9,2461.0,2404.0, 2460.00,2458.1,2437.26,5006225,122014.92,208647, 2421857, 48.38
RELIANCE, EQ, 16-Oct-2020,2206.5,2215.0,2232.5,2172.65, 2178.00,2175.8,2197.33,9961080,218877.76,287579, 2106731, 21.15
RELIANCE, EQ, 24-Feb-2020,1485.95,1469.75,1477.0,1439.55, 1447.10,1444.95,1462.78,9769743,142910.05,237165, 6097347, 62.41
RELIANCE, EQ, 31-Aug-2020,2116.15,2174.0,2174.0,2060.35, 2070.00,2080.7,2118.64,28649141,606972.17,541760, 7212259, 25.17
RELIANCE, EQ, 05-Feb-2021,1924.3,1930.05,1944.65,1920.0, 1924.30,1923.75,1929.36,9344470,180288.83,263144, 3564531, 38.15
RELIANCE, EQ, 10-Aug-2021,2077.15,2082.0,2113.0,2073.75, 2085.00,2088.05,2095.18,5500708,115249.61,171235, 2144258, 38.98
RELIANCE, EQ, 28-Jan-2020,1506.55,1508.6,1510.0,1463.6, 1473.50,1471.75,1485.82,11215313,166639.89,271852, 6064582, 54.07
RELIANCE, EQ, 20-Apr-2021,1901.7,1910.5,1919.0,1890.45,1905.0,1901.15,1906.74,7939490,151385.42,202431, 4616077, 58.14
RELIANCE, EQ, 08-Feb-2022,2317.1,2330.65,2360.0,2310.0,2357.5,2356.05,2338.32,5566080,130152.61,186348, 2963152, 53.24
RELIANCE, EQ, 04-Aug-2021,2087.75,2094.4,2114.0,2087.0,2105.0,2103.75,2103.18,6077861,127828.22,188340, 3542035, 58.28
RELIANCE, EQ, 11-Feb-2021,1974.3,1980.0,2064.2,1972.25,2061.8,2055.7,2028.11,19631870,398155.94,546129, 5981796, 30.47
RELIANCE, EQ, 25-Aug-2020,2095.75,2106.0,2111.3,2078.0, 2082.00,2082.1,2089.41,8947709,186954.34,202929, 2014450, 22.51
RELIANCE, EQ, 22-Mar-2022,2467.4,2460.1,2534.95,2453.6, 2528.00,2531.15,2508.41,10410082,261127.51,314410, 5753732, 55.27
RELIANCE, EQ, 10-Jan-2022,2436.0,2452.0,2457.0,2416.05,2440.2,2438.0,2432.54,4267365,103805.28,214098, 2152906, 50.45
RELIANCE, EQ, 15-Apr-2020,1189.15,1197.05,1236.0,1143.0, 1157.50,1149.85,1191.73,16147959,192439.82,404270, 5315163, 32.92
RELIANCE, EQ, 07-May-2020,1460.75,1455.0,1513.65,1445.0, 1512.00,1506.95,1484.86,22871529,339610.66,465254, 5286803, 23.12
RELIANCE, EQ, 27-Jun-2022,2500.05,2544.95,2544.95,2481.55,2495.6,2492.65,2511.81,7141493,179381.05,245447, 4127406, 57.79
RELIANCE, EQ, 10-Nov-2020,2050.7,2077.0,2090.0,2041.2, 2089.00,2084.55,2071.86,17045147,353151.6,399073, 6458474, 37.89
RELIANCE, EQ, 25-Aug-2022,2639.75,2648.95,2662.9,2622.6,2628.0,2632.05,2648.65,3632902,96223.01,133033, 1783626, 49.10
RELIANCE, EQ, 10-Jan-2020,1548.0,1551.9,1557.95,1539.65, 1546.85,1547.65,1549.42,5704686,88389.54,136340, 2546462, 44.64
RELIANCE, EQ, 03-Mar-2021,2106.0,2121.05,2219.9,2107.2,2207.1,2202.1,2161.54,14733134,318462.13,326092, 6380700, 43.31
RELIANCE, EQ, 16-Sep-2021,2378.3,2381.55,2436.75,2367.0,2424.0,2428.2,2408.55,6206657,149490.51,214010, 2473588, 39.85
RELIANCE, EQ, 19-Jul-2022,2422.25,2400.3,2447.0,2400.3, 2433.00,2437.1,2429.46,7587006,184323.14,213280, 3280412, 43.24
RELIANCE, EQ, 26-May-2021,1963.15,1975.0,1979.5,1965.3, 1967.00,1970.05,1972.33,3452113,68087.01,118469, 1452399, 42.07
RELIANCE, EQ, 14-Jul-2021,2099.7,2100.35,2106.85,2081.25, 2083.55,2086.0,2090.03,3937768,82300.65,169306, 2134737, 54.21
RELIANCE, EQ, 10-Oct-2019,1324.75,1325.0,1369.0,1321.0, 1360.15,1362.75,1356.95,16003744,217162.22,375692, 8609946, 53.80
RELIANCE, EQ, 04-Oct-2019,1311.05,1319.9,1328.6,1303.85,1307.75,1308.1,1318.17,6853954,90346.54,185130, 3099523, 45.22
RELIANCE, EQ, 28-Jan-2022,2338.1,2365.0,2375.9,2328.4, 2336.00,2335.85,2347.94,6769154,158935.36,255535, 4021895, 59.42
RELIANCE, EQ, 08-Dec-2020,1958.2,1961.15,2014.25,1950.0,1992.45,1993.75,1995.12,20030506,399632.27,460158, 5692600, 28.42
RELIANCE, EQ, 25-Jan-2021,2049.6,2034.95,2034.95,1932.0, 1935.15,1941.0,1966.36,25016570,491916.02,723194, 9041658, 36.14
RELIANCE, EQ, 25-Nov-2021,2351.4,2373.0,2502.0,2357.15,2501.0,2492.95,2452.67,19568487,479949.98,497536, 9245255, 47.25
RELIANCE, EQ, 02-Sep-2021,2267.1,2255.0,2307.8,2255.0, 2293.00,2294.4,2288.72,4595048,105167.81,206002, 2278475, 49.59
RELIANCE, EQ, 17-Mar-2021,2100.6,2098.05,2103.0,2035.1,2054.5,2055.35,2065.89,8865521,183152.33,241456, 4179353, 47.14
RELIANCE, EQ, 23-Sep-2020,2211.15,2260.0,2276.75,2205.3, 2228.00,2230.8,2242.58,19839809,444922.65,384190, 3749875, 18.90
RELIANCE, EQ, 24-Feb-2022,2374.05,2305.0,2339.9,2243.4, 2250.00,2255.75,2291.15,11466725,262720.08,493459, 7266877, 63.37
RELIANCE, EQ, 04-Nov-2020,1850.4,1837.0,1929.0,1837.0,1910.5,1913.2,1893.24,37003111,700556.56,888904, 6665864, 18.01
RELIANCE, EQ, 21-Jul-2020,1919.9,1939.0,1977.0,1936.5, 1973.50,1971.55,1962.43,19463498,381956.89,375090, 5672596, 29.14
RELIANCE, EQ, 01-Apr-2022,2634.75,2636.0,2665.15,2622.0, 2661.00,2655.85,2641.48,3656408,96583.25,163060, 1845831, 50.48
RELIANCE, EQ, 13-May-2020,1479.25,1527.0,1527.0,1454.0,1492.5,1496.45,1481.1,30658051,454076.33,615366, 6403617, 20.89
RELIANCE, EQ, 17-Dec-2019,1566.6,1566.75,1579.0,1555.55, 1567.00,1562.7,1564.71,9291724,145388.35,188391, 5268563, 56.70
RELIANCE, EQ, 25-Oct-2019,1436.45,1441.1,1441.45,1411.25, 1428.25,1431.2,1426.02,6190013,88270.69,163477, 1995488, 32.24
RELIANCE, EQ, 23-Sep-2021,2430.5,2447.4,2497.0,2445.5, 2488.10,2489.9,2475.75,7267883,179934.32,255176, 3910090, 53.80
RELIANCE, EQ, 04-Jan-2021,1987.5,1995.1,1998.9,1968.0,1990.25,1990.85,1982.61,11312992,224292.28,316871, 3869604, 34.20
RELIANCE, EQ, 17-Mar-2020,1015.7,1047.25,1060.0,1003.2, 1011.50,1008.0,1034.68,20777442,214979.95,463953, 10596500, 51.00
RELIANCE, EQ, 10-Aug-2022,2567.15,2576.9,2589.9,2557.05,2578.95,2582.5,2574.23,4949442,127410.06,183157, 2941793, 59.44
RELIANCE, EQ, 02-Sep-2020,2087.25,2092.0,2138.0,2085.0, 2128.55,2128.2,2119.29,12437209,263580.57,281041, 3376204, 27.15
RELIANCE, EQ, 20-Apr-2022,2640.8,2657.1,2734.0,2649.1, 2717.50,2718.45,2710.69,11570835,313649.25,461685, 5767347, 49.84
RELIANCE, EQ, 08-Feb-2021,1923.75,1933.05,1969.0,1929.05, 1951.40,1951.45,1954.84,9776136,191108.17,287247, 3553415, 36.35
RELIANCE, EQ, 08-Dec-2021,2381.85,2424.1,2431.8,2406.3,2420.95,2418.1,2418.81,4035437,97609.54,175071, 1712929, 42.45
RELIANCE, EQ, 14-Jul-2020,1935.0,1934.0,1941.7,1887.3,1915.0,1917.0,1917.96,31073591,595977.87,569875, 8520789, 27.42
RELIANCE, EQ, 06-Jun-2022,2779.5,2780.0,2814.0,2751.8,2766.25,2767.55,2775.79,5119488,142106.0,217253, 1680712, 32.83
RELIANCE, EQ, 09-Aug-2021,2089.05,2081.0,2089.8,2066.5, 2078.50,2077.15,2075.98,3458546,71798.73,147892, 1588798, 45.94
RELIANCE, EQ, 26-May-2020,1431.55,1448.15,1449.7,1416.3, 1426.00,1424.05,1428.7,15330793,219031.66,341795, 7437964, 48.52
RELIANCE, EQ, 31-Jan-2020,1443.75,1453.0,1453.25,1407.2, 1410.00,1411.65,1425.75,15886673,226503.75,330774, 8885318, 55.93
RELIANCE, EQ, 16-Sep-2020,2318.85,2320.0,2369.35,2310.55,2324.9,2324.55,2339.46,15669133,366573.71,321651, 3528875, 22.52
RELIANCE, EQ, 04-Aug-2022,2606.35,2610.0,2617.75,2535.0,2570.0,2571.9,2569.27,6676577,171539.08,309213, 3215051, 48.15
RELIANCE, EQ, 11-Feb-2022,2381.05,2373.25,2384.5,2344.1,2372.55,2376.4,2367.97,7357863,174231.87,283837, 4905802, 66.67
RELIANCE, EQ, 03-Mar-2020,1316.15,1329.7,1353.9,1322.0, 1346.35,1342.85,1339.28,12525809,167755.19,275521, 6009681, 47.98
RELIANCE, EQ, 10-Nov-2021,2521.7,2516.7,2558.0,2503.65, 2546.45,2549.9,2538.63,4731975,120127.42,168600, 2429050, 51.33
RELIANCE, EQ, 22-Mar-2021,2082.0,2071.0,2074.0,2033.2,2061.0,2062.4,2050.93,8571196,175789.61,234534, 2866751, 33.45
RELIANCE, EQ, 28-Aug-2020,2110.6,2120.0,2132.9,2106.25, 2116.00,2116.15,2118.85,12537684,265654.53,267973, 2828812, 22.56
RELIANCE, EQ, 07-May-2021,1931.0,1937.75,1955.65,1926.0, 1926.80,1931.75,1940.01,5671163,110021.31,188670, 2418447, 42.64
RELIANCE, EQ, 31-Oct-2019,1479.1,1484.0,1489.65,1461.7, 1465.10,1464.35,1471.86,8898168,130968.51,193629, 4972388, 55.88
RELIANCE, EQ, 03-Dec-2019,1586.5,1592.75,1594.0,1572.6, 1582.00,1578.9,1580.07,5938786,93836.87,132025, 3133860, 52.77
RELIANCE, EQ, 03-Dec-2021,2482.85,2498.4,2498.5,2400.0, 2413.15,2408.25,2436.1,8871172,216110.46,283259, 4898098, 55.21
RELIANCE, EQ, 16-Aug-2021,2145.65,2149.35,2203.0,2128.15,2169.0,2173.5,2177.41,10123204,220423.43,290119, 4185061, 41.34
RELIANCE, EQ, 03-Feb-2021,1925.8,1928.3,1952.0,1900.0, 1928.50,1930.65,1931.87,13984228,270156.73,345625, 4832689, 34.56
RELIANCE, EQ, 14-Jun-2021,2213.15,2215.0,2258.25,2195.05, 2245.00,2244.9,2232.14,9383416,209450.98,284426, 2698433, 28.76
RELIANCE, EQ, 09-Sep-2020,2107.1,2085.0,2167.8,2081.45, 2163.55,2161.35,2136.84,25526055,545450.44,531323, 5716097, 22.39
RELIANCE, EQ, 26-Apr-2021,1904.35,1920.0,1962.0,1911.5, 1938.00,1937.85,1941.32,9620785,186769.95,259137, 4276703, 44.45
RELIANCE, EQ, 27-Jul-2022,2421.5,2419.95,2427.0,2402.0,2422.0,2419.2,2416.05,3994321,96504.59,165700, 2097378, 52.51
RELIANCE, EQ, 28-Sep-2021,2524.45,2534.0,2564.9,2512.8, 2545.00,2548.05,2539.99,8323269,211410.19,229286, 4321030, 51.92
RELIANCE, EQ, 07-Apr-2020,1077.45,1102.1,1214.0,1100.0, 1211.00,1206.1,1161.27,24859057,288679.92,556669, 9176463, 36.91
RELIANCE, EQ, 18-May-2021,1960.35,1981.0,2002.6,1972.5, 1986.00,1987.95,1987.92,5567958,110686.82,184906, 1952871, 35.07
RELIANCE, EQ, 30-Mar-2022,2622.55,2639.9,2688.0,2617.1, 2658.70,2672.95,2661.36,7297028,194200.19,219316, 4259734, 58.38
RELIANCE, EQ, 24-Mar-2022,2539.2,2510.0,2584.15,2510.0, 2572.00,2578.65,2557.8,6077153,155441.16,221309, 3208900, 52.80
RELIANCE, EQ, 04-Nov-2019,1456.9,1465.9,1471.0,1445.1,1460.65,1457.65,1456.28,6429329,93628.83,203644, 3603931, 56.05
RELIANCE, EQ, 17-Feb-2021,2059.5,2060.0,2095.95,2050.6, 2079.20,2083.25,2076.99,10957388,227584.23,257784, 2784713, 25.41
RELIANCE, EQ, 02-Aug-2021,2035.3,2054.3,2079.4,2041.15,2068.5,2072.5,2067.46,5041934,104240.21,164715, 2991501, 59.33
RELIANCE, EQ, 25-Oct-2021,2627.4,2680.0,2680.0,2570.0, 2607.00,2601.8,2611.17,7937067,207250.07,317548, 2950789, 37.18
RELIANCE, EQ, 17-Dec-2021,2403.9,2398.05,2408.0,2320.0, 2343.40,2340.45,2346.72,9714489,227971.5,301459, 5156114, 53.08
RELIANCE, EQ, 17-Dec-2020,1976.55,1984.5,2005.0,1977.15, 1985.50,1985.6,1989.37,9346460,185935.53,280068, 3368996, 36.05
RELIANCE, EQ, 17-Feb-2020,1487.6,1489.0,1506.15,1474.3, 1478.50,1478.25,1487.62,6011340,89426.11,150631, 2236062, 37.20
RELIANCE, EQ, 12-Jul-2022,2423.9,2404.0,2439.7,2404.0,2418.8,2420.45,2424.68,4974502,120615.61,203393, 2091493, 42.04
RELIANCE, EQ, 08-Mar-2021,2178.7,2168.5,2231.9,2168.0, 2193.00,2191.1,2205.66,9002404,198562.45,300037, 2389286, 26.54
RELIANCE, EQ, 20-May-2022,2479.85,2512.5,2644.4,2502.0, 2628.85,2624.45,2569.3,10057508,258408.02,366921, 5198311, 51.69
RELIANCE, EQ, 21-Jun-2021,2225.65,2203.5,2247.5,2200.15, 2238.95,2237.25,2225.6,5624044,125168.52,180220, 1583246, 28.15
RELIANCE, EQ, 13-Apr-2021,1911.15,1924.0,1940.6,1917.85, 1932.30,1931.8,1931.39,8958261,173018.9,206237, 4960483, 55.37
RELIANCE, EQ, 25-Nov-2019,1546.5,1551.15,1564.8,1551.0, 1562.00,1561.55,1559.1,6924313,107956.67,119670, 3320341, 47.95
RELIANCE, EQ, 04-Oct-2021,2523.7,2553.0,2574.85,2537.05, 2558.00,2556.15,2556.97,5038910,128843.47,163519, 2674027, 53.07
RELIANCE, EQ, 23-Aug-2021,2148.25,2174.0,2174.0,2132.3, 2161.15,2162.35,2156.97,4547802,98094.54,143268, 2336976, 51.39
RELIANCE, EQ, 18-May-2020,1459.4,1470.0,1482.0,1428.0, 1442.55,1440.75,1452.86,28981620,421062.7,575336, 5396937, 18.62
RELIANCE, EQ, 22-Feb-2021,2080.3,2080.0,2089.9,1994.95,1999.1,2008.1,2036.88,10985697,223766.0,309112, 4112030, 37.43
RELIANCE, EQ, 07-Apr-2021,1984.3,2000.0,2046.9,1993.3,2001.55,2002.85,2019.21,11198918,226130.14,286779, 4098798, 36.60
RELIANCE, EQ, 09-Sep-2021,2431.35,2427.9,2437.85,2416.1, 2424.10,2425.6,2424.34,4136538,100283.7,194645, 2406762, 58.18
RELIANCE, EQ, 06-Jul-2022,2433.25,2420.1,2441.95,2388.0,2415.0,2411.85,2410.61,11050026,266372.49,392094, 5356881, 48.48
RELIANCE, EQ, 03-Feb-2020,1383.35,1369.9,1399.95,1363.05, 1386.00,1385.5,1380.77,14040626,193868.93,370104, 6963618, 49.60
RELIANCE, EQ, 11-Mar-2022,2392.25,2376.05,2411.0,2376.05, 2393.15,2399.15,2396.11,5656799,135542.91,199494, 3028604, 53.54
RELIANCE, EQ, 03-Dec-2020,1958.15,1972.0,1981.1,1958.65,1960.8,1964.05,1969.94,12822945,252603.74,270788, 6151159, 47.97
RELIANCE, EQ, 16-Aug-2022,2633.0,2646.2,2657.3,2627.3,2656.0,2651.3,2643.49,3049304,80607.91,140058, 1436439, 47.11
RELIANCE, EQ, 04-Sep-2020,2112.1,2083.55,2096.95,2072.2,2080.0,2077.25,2084.73,13141705,273969.37,365456, 5968727, 45.42
RELIANCE, EQ, 11-Mar-2020,1114.15,1108.0,1178.45,1108.0, 1152.00,1153.55,1157.92,27237627,315389.88,490124, 12424367, 45.61
RELIANCE, EQ, 03-Feb-2022,2383.55,2392.0,2401.45,2347.2, 2348.45,2352.75,2367.01,4417864,104571.43,236441, 2596474, 58.77
RELIANCE, EQ, 23-Nov-2020,1899.5,1951.0,1970.0,1926.25, 1955.20,1950.7,1952.18,20918665,408370.42,497781, 5148955, 24.61
RELIANCE, EQ, 23-Jan-2020,1533.35,1536.5,1541.95,1520.7, 1529.60,1526.85,1528.79,5142088,78611.87,149239, 2364600, 45.99
RELIANCE, EQ, 26-Apr-2022,2695.0,2710.0,2795.0,2707.7, 2788.20,2775.65,2744.48,5643066,154872.83,215190, 2382379, 42.22
RELIANCE, EQ, 14-Jun-2022,2662.9,2650.05,2671.85,2613.45, 2627.75,2628.1,2637.47,6790653,179101.4,237522, 3299932, 48.60
RELIANCE, EQ, 06-Jul-2020,1787.9,1805.0,1858.0,1792.1, 1855.00,1851.8,1832.66,21698149,397653.01,442095, 5644923, 26.02
RELIANCE, EQ, 27-Jul-2021,2076.85,2076.8,2083.7,2042.0, 2054.00,2055.0,2062.0,4995516,103007.37,196342, 2415095, 48.35
RELIANCE, EQ, 11-Dec-2019,1561.95,1555.6,1574.5,1550.6, 1561.00,1562.4,1560.15,5652698,88190.47,159685, 2602643, 46.04
RELIANCE, EQ, 23-Oct-2019,1414.15,1416.3,1425.95,1383.15,1394.0,1392.4,1403.41,8432964,118348.78,214712, 3936577, 46.68
RELIANCE, EQ, 02-Nov-2021,2537.8,2545.0,2548.0,2495.25, 2503.05,2500.8,2510.1,4877652,122433.84,225933, 2997092, 61.45
RELIANCE, EQ, 18-May-2022,2529.15,2539.65,2570.0,2508.25,2542.25,2538.35,2535.87,7973235,202191.14,293806, 3948750, 49.53
RELIANCE, EQ, 30-Mar-2021,1994.65,2008.0,2048.9,1991.55,2031.9,2029.3,2026.44,9433850,191171.49,230499, 3802211, 40.30
RELIANCE, EQ, 24-Mar-2021,2087.5,2079.75,2079.75,2040.4, 2048.55,2047.3,2055.87,7763726,159612.11,222445, 2970460, 38.26
RELIANCE, EQ, 16-Nov-2021,2577.8,2572.05,2575.0,2495.0, 2497.25,2517.9,2536.01,5232292,132691.27,209557, 2660951, 50.86
RELIANCE, EQ, 05-Dec-2019,1552.7,1574.0,1579.75,1544.0, 1551.00,1550.85,1561.41,9117022,142354.47,217414, 3598940, 39.47
RELIANCE, EQ, 29-Mar-2022,2621.95,2638.0,2638.0,2607.4, 2618.00,2622.55,2623.0,4007695,105121.98,203830, 2280912, 56.91
RELIANCE, EQ, 09-Oct-2020,2239.25,2235.0,2253.0,2217.1, 2239.00,2233.45,2232.05,8558747,191035.83,215729, 2908038, 33.98
RELIANCE, EQ, 28-Oct-2021,2627.4,2620.0,2637.95,2590.5, 2598.00,2598.6,2610.69,4562471,119111.87,170822, 2460989, 53.94
RELIANCE, EQ, 20-May-2020,1408.9,1410.0,1446.85,1393.0, 1437.40,1433.7,1426.52,25530692,364199.41,446373, 6638736, 26.00
RELIANCE, EQ, 17-Feb-2022,2412.95,2420.1,2454.9,2410.0,2441.0,2443.5,2439.61,5931774,144712.13,211881, 2872619, 48.43
RELIANCE, EQ, 05-Mar-2020,1339.7,1352.2,1357.95,1306.0, 1309.90,1311.15,1327.07,13948324,185103.67,319378, 6943317, 49.78
RELIANCE, EQ, 10-Sep-2020,2161.35,2183.1,2344.95,2175.35, 2319.00,2314.0,2275.51,64751766,1473433.63,1233053, 12172158, 18.80
RELIANCE, EQ, 02-Aug-2022,2574.85,2572.5,2607.8,2561.55,2575.5,2584.65,2583.64,6423115,165949.94,230608, 3420282, 53.25
RELIANCE, EQ, 05-Mar-2021,2175.85,2156.0,2211.95,2153.05,2174.55,2178.7,2184.35,11773630,257176.85,312784, 3896896, 33.10
RELIANCE, EQ, 16-Oct-2019,1364.15,1369.9,1379.65,1363.7,1374.5,1372.35,1371.43,8870701,121655.8,183051, 5663142, 63.84
RELIANCE, EQ, 28-Oct-2020,2034.5,2041.8,2057.7,2007.4, 2008.90,2011.45,2026.02,13810054,279794.42,413849, 4822048, 34.92
RELIANCE, EQ, 08-Mar-2022,2239.55,2211.5,2246.0,2180.0, 2235.05,2235.5,2220.15,9825043,218130.22,428117, 5602260, 57.02
RELIANCE, EQ, 20-May-2021,1997.05,1997.9,2010.9,1981.0, 1982.00,1985.4,1991.75,5271497,104995.27,158144, 2175806, 41.27
RELIANCE, EQ, 12-Jul-2021,2071.2,2079.75,2101.5,2074.5, 2081.95,2084.1,2088.16,3962111,82735.07,140597, 1592814, 40.20
RELIANCE, EQ, 13-Apr-2022,2561.05,2574.5,2592.6,2545.5,2551.9,2551.65,2565.29,4778478,122581.59,192467, 3009160, 62.97
RELIANCE, EQ, 21-Jun-2022,2543.05,2560.0,2593.4,2528.3,2582.0,2584.1,2562.46,5408801,138598.28,219641, 1906058, 35.24
RELIANCE, EQ, 28-Nov-2019,1569.85,1572.65,1584.15,1563.95, 1582.00,1580.3,1576.23,6284885,99064.08,163816, 2661145, 42.34
RELIANCE, EQ, 23-Aug-2022,2606.6,2594.0,2653.2,2591.35, 2649.00,2646.8,2630.64,4466619,117500.47,173321, 2211602, 49.51
RELIANCE, EQ, 24-Mar-2020,884.05,930.0,970.0,895.8, 946.00,943.4,934.85,20919322,195565.0,590891, 8384530, 40.08
RELIANCE, EQ, 16-Jan-2020,1523.85,1529.0,1543.35,1528.0, 1538.70,1537.9,1535.41,5873662,90185.08,164724, 2552659, 43.46
RELIANCE, EQ, 02-Jan-2020,1509.6,1512.0,1540.95,1512.0, 1534.10,1535.3,1530.86,8096561,123947.1,151727, 3386321, 41.82
RELIANCE, EQ, 02-Nov-2020,2054.5,2027.0,2027.0,1859.15, 1876.00,1877.45,1927.55,45857806,883933.2,1428490, 12596880, 27.47
RELIANCE, EQ, 30-Mar-2020,1065.6,1040.6,1074.8,1020.0, 1031.50,1030.45,1044.14,13820286,144303.04,386770, 5108078, 36.96
RELIANCE, EQ, 22-Feb-2022,2399.9,2352.9,2395.9,2347.15,2389.75,2389.0,2372.16,6227901,147735.85,197401, 3920789, 62.96
RELIANCE, EQ, 25-Sep-2020,2181.2,2189.0,2212.8,2167.3, 2198.85,2201.7,2191.17,13095950,286954.72,329859, 2793738, 21.33
RELIANCE, EQ, 27-Jul-2020,2146.15,2178.8,2198.8,2127.9,2154.95,2156.2,2169.68,37060949,804102.76,781374, 5262824, 14.20
RELIANCE, EQ, 07-Apr-2022,2619.05,2595.1,2606.0,2567.0,2572.2,2572.85,2583.1,7151632,184733.49,233582, 4936384, 69.02
RELIANCE, EQ, 15-May-2020,1435.95,1444.0,1466.7,1415.1,1453.2,1459.4,1439.85,28683432,412998.28,592403, 7448167, 25.97
RELIANCE, EQ, 06-Jul-2021,2150.2,2144.95,2148.9,2120.2, 2127.85,2124.8,2136.74,4647361,99302.24,125408, 2476450, 53.29
RELIANCE, EQ, 09-Sep-2022,2585.4,2610.0,2610.0,2564.0, 2568.90,2569.3,2577.69,3837302,98913.8,185947, 2149444, 56.01
RELIANCE, EQ, 19-Jun-2020,1655.9,1670.0,1788.8,1662.0, 1763.20,1759.4,1727.35,48828852,843443.21,752773, 15752717, 32.26
RELIANCE, EQ, 23-Nov-2021,2363.75,2333.05,2401.25,2309.0,2389.95,2385.85,2362.47,11688406,276135.01,393864, 7161105, 61.27
RELIANCE, EQ, 21-Apr-2020,1243.8,1210.0,1252.0,1164.0,1251.5,1237.35,1204.07,28057706,337834.78,573205, 8180117, 29.15
RELIANCE, EQ, 29-Nov-2021,2412.6,2439.1,2500.0,2399.1, 2437.70,2441.5,2464.2,11226147,276634.94,375905, 4117378, 36.68
RELIANCE, EQ, 01-Jul-2022,2595.65,2574.9,2592.0,2365.0,2406.0,2408.7,2434.35,37841671,921199.95,1165095, 16124097, 42.61
RELIANCE, EQ, 29-Jan-2021,1876.55,1894.3,1913.1,1830.0, 1844.95,1841.95,1871.72,20173258,377586.12,472678, 9106845, 45.14
RELIANCE, EQ, 11-Aug-2020,2119.85,2134.8,2160.0,2100.35,2132.85,2133.8,2133.3,21611359,461034.31,491594, 4174558, 19.32
RELIANCE, EQ, 04-Feb-2020,1385.5,1400.0,1432.5,1397.8, 1427.50,1426.4,1419.31,11604666,164705.99,286666, 5299061, 45.66
RELIANCE, EQ, 16-Mar-2022,2363.45,2382.0,2407.9,2377.1,2401.5,2403.35,2396.17,5145644,123298.54,185464, 2824434, 54.89
RELIANCE, EQ, 04-Dec-2020,1964.05,1969.0,1969.0,1940.0, 1947.70,1946.75,1948.72,8521388,166057.64,286109, 3771228, 44.26
RELIANCE, EQ, 24-Jan-2022,2477.85,2475.0,2504.75,2355.1,2379.9,2377.9,2418.6,10092511,244097.36,399996, 4847529, 48.03
RELIANCE, EQ, 30-Aug-2021,2227.4,2250.0,2275.85,2236.8, 2273.75,2270.25,2261.25,6473487,146381.52,206768, 3861994, 59.66
RELIANCE, EQ, 25-Feb-2021,2061.0,2076.0,2152.0,2073.0, 2147.00,2144.35,2120.59,16085897,341115.75,452535, 5714928, 35.53
RELIANCE, EQ, 28-Feb-2022,2283.95,2243.0,2367.35,2243.0, 2355.00,2359.55,2328.64,9828768,228876.84,240020, 5321030, 54.14
RELIANCE, EQ, 08-Jan-2020,1524.6,1515.0,1534.45,1510.0, 1514.00,1513.15,1518.24,7336561,111386.44,169662, 2863686, 39.03
RELIANCE, EQ, 29-Aug-2022,2618.0,2585.0,2655.0,2578.05, 2600.00,2597.65,2614.34,9155684,239360.68,326003, 3737011, 40.82
RELIANCE, EQ, 22-Nov-2019,1537.6,1542.1,1569.5,1537.6, 1548.05,1546.5,1551.32,10218978,158529.47,200632, 4268321, 41.77
RELIANCE, EQ, 19-Apr-2022,2543.85,2558.0,2668.0,2551.05,2626.0,2640.8,2628.35,12064446,317095.59,459863, 6735937, 55.83
RELIANCE, EQ, 24-Aug-2021,2162.35,2165.05,2192.0,2155.6, 2178.00,2183.7,2174.28,5475452,119051.65,173479, 3050200, 55.71
RELIANCE, EQ, 10-Dec-2020,2026.95,2021.6,2028.5,2001.0, 2008.00,2007.0,2010.18,7414229,149039.5,212910, 2670339, 36.02
RELIANCE, EQ, 22-Oct-2020,2124.6,2127.4,2132.5,2091.0, 2111.90,2106.95,2107.04,14215255,299521.15,391498, 5836281, 41.06
RELIANCE, EQ, 02-Mar-2022,2359.55,2334.45,2401.0,2329.2, 2399.25,2398.55,2376.69,9909226,235511.58,309328, 6277829, 63.35
RELIANCE, EQ, 10-Feb-2020,1433.65,1428.0,1445.5,1410.45, 1442.20,1435.6,1424.41,6922631,98606.59,143055, 3096467, 44.73
RELIANCE, EQ, 05-Aug-2020,2150.6,2169.0,2196.0,2118.3,2132.1,2126.45,2153.72,34405886,741005.45,704272, 3949479, 11.48
RELIANCE, EQ, 15-Jul-2022,2397.15,2415.0,2415.0,2383.1,2401.15,2401.8,2397.18,4431880,106239.96,137878, 2013822, 45.44
RELIANCE, EQ, 27-May-2022,2587.1,2593.05,2605.15,2540.1, 2575.30,2575.1,2574.11,7624888,196272.95,223459, 3519149, 46.15
RELIANCE, EQ, 07-Jun-2021,2190.5,2202.0,2242.0,2185.0, 2225.05,2227.4,2214.78,7539326,166979.59,227808, 2439654, 32.36
RELIANCE, EQ, 22-Oct-2021,2622.5,2620.0,2664.9,2611.5, 2625.75,2627.4,2635.21,5089178,134110.68,209472, 2398678, 47.13
RELIANCE, EQ, 05-Aug-2021,2103.75,2114.3,2154.8,2104.25,2131.0,2134.25,2127.24,9807831,208636.38,249218, 4572290, 46.62
RELIANCE, EQ, 10-Feb-2021,1956.15,1953.75,1984.75,1927.3,1980.35,1974.3,1955.63,9799560,191642.92,288994, 3630351, 37.05
RELIANCE, EQ, 10-Dec-2021,2456.45,2440.25,2466.0,2430.35, 2457.25,2458.95,2443.62,3860176,94328.11,177038, 1988951, 51.52
RELIANCE, EQ, 24-Aug-2020,2081.85,2091.4,2104.5,2070.5,2099.95,2095.75,2090.25,15099030,315607.1,323471, 2697292, 17.86
RELIANCE, EQ, 23-Mar-2022,2531.15,2523.0,2564.85,2523.0, 2535.00,2539.2,2546.52,7135797,181714.8,235853, 4321837, 60.57
RELIANCE, EQ, 11-Jan-2022,2438.0,2436.0,2474.95,2435.0,2455.8,2455.55,2459.51,7478681,183939.12,209712, 4746648, 63.47
RELIANCE, EQ, 06-May-2022,2640.9,2612.2,2659.0,2593.55,2628.0,2620.65,2619.88,9068448,237582.82,291431, 4117945, 45.41
RELIANCE, EQ, 26-Jun-2020,1717.9,1728.8,1752.0,1717.0, 1750.00,1741.65,1731.91,14270695,247155.06,279769, 5042368, 35.33
RELIANCE, EQ, 20-Jul-2022,2437.1,2540.0,2542.5,2486.25, 2499.00,2503.0,2506.66,11041036,276761.3,325796, 5571093, 50.46
RELIANCE, EQ, 08-Jan-2021,1911.15,1918.0,1938.4,1912.1, 1934.00,1933.7,1923.06,12709792,244417.52,270966, 5303550, 41.73
RELIANCE, EQ, 08-Nov-2021,2498.85,2519.4,2520.0,2456.4, 2502.90,2501.95,2483.27,9385607,233069.81,456493, 6743994, 71.85
RELIANCE, EQ, 12-May-2022,2449.3,2427.5,2434.85,2370.0,2403.5,2399.4,2400.6,9456280,227007.52,359540, 5344949, 56.52
RELIANCE, EQ, 29-Oct-2019,1434.25,1445.5,1480.0,1442.1, 1470.10,1467.05,1465.55,11780494,172648.62,321298, 6278189, 53.29
RELIANCE, EQ, 05-Jan-2022,2458.1,2462.0,2477.0,2432.95, 2461.85,2469.6,2455.69,5373618,131959.35,210976, 2963957, 55.16
RELIANCE, EQ, 25-Feb-2020,1444.95,1451.4,1451.4,1410.0, 1420.00,1416.4,1432.47,12684109,181695.72,281387, 8329207, 65.67
RELIANCE, EQ, 04-Feb-2021,1930.65,1924.0,1940.0,1905.0, 1921.50,1924.3,1923.71,11826848,227513.82,332784, 5411559, 45.76
RELIANCE, EQ, 11-Aug-2021,2088.05,2096.95,2120.0,2083.4, 2115.00,2117.3,2103.58,4238859,89167.95,138291, 2089484, 49.29
RELIANCE, EQ, 29-Jan-2020,1471.75,1474.05,1494.4,1464.05, 1480.00,1479.85,1479.34,11313297,167361.73,254760, 4513527, 39.90
RELIANCE, EQ, 09-Feb-2022,2356.05,2371.15,2387.2,2358.0, 2384.00,2383.5,2373.06,5300891,125793.55,180905, 3104784, 58.57
RELIANCE, EQ, 01-Jul-2021,2110.65,2118.0,2123.15,2095.0, 2101.50,2097.95,2109.37,5784627,122019.08,196897, 2924644, 50.56
RELIANCE, EQ, 09-Dec-2020,1993.75,2009.95,2033.8,1999.25,2026.0,2026.95,2019.89,13464375,271965.62,303801, 4861192, 36.10
RELIANCE, EQ, 24-Nov-2021,2385.85,2380.0,2409.9,2343.55, 2343.55,2351.4,2376.12,7762564,184447.69,291051, 4345352, 55.98
RELIANCE, EQ, 03-Sep-2021,2294.4,2310.0,2395.0,2302.5, 2389.65,2388.5,2356.29,14151629,333454.04,446968, 4903229, 34.65
RELIANCE, EQ, 16-Mar-2021,2108.9,2114.0,2126.0,2095.5, 2100.75,2100.6,2107.19,6402757,134918.41,235823, 2426737, 37.90
RELIANCE, EQ, 30-Aug-2022,2597.65,2614.0,2645.25,2576.6, 2642.00,2637.95,2614.74,10678670,279219.81,285656, 5624355, 52.67
RELIANCE, EQ, 22-Sep-2020,2255.85,2277.0,2277.0,2201.55, 2220.05,2211.15,2225.36,16056621,357317.08,348897, 6138633, 38.23
RELIANCE, EQ, 25-Feb-2022,2255.75,2280.1,2307.95,2276.25,2283.0,2283.95,2290.84,6724094,154038.44,281047, 3670287, 54.58
RELIANCE, EQ, 05-Nov-2020,1913.2,1954.95,1960.95,1932.0, 1956.80,1955.0,1949.03,17170274,334652.97,448665, 5252804, 30.59
RELIANCE, EQ, 20-Jul-2020,1911.7,1917.8,1932.0,1899.65, 1921.95,1919.9,1916.93,16887752,323726.04,339625, 3836078, 22.72
RELIANCE, EQ, 12-May-2020,1576.8,1564.8,1568.35,1465.0, 1486.45,1479.25,1511.39,46029119,695680.12,807575, 18435434, 40.05
RELIANCE, EQ, 06-May-2020,1460.65,1464.0,1484.95,1445.5, 1461.50,1460.75,1468.54,18510304,271831.97,425042, 4155906, 22.45
RELIANCE, EQ, 11-Nov-2020,2084.55,2089.0,2095.0,1978.1, 1999.80,1997.2,2027.8,26178477,530846.11,647679, 9063191, 34.62
RELIANCE, EQ, 23-Mar-2020,1017.95,916.2,950.0,875.65, 891.00,884.05,899.32,18593713,167216.15,569206, 9759892, 52.49
RELIANCE, EQ, 19-Apr-2021,1932.1,1904.0,1916.4,1890.0,1903.05,1901.7,1902.57,8527967,162250.6,271570, 3886582, 45.57
RELIANCE, EQ, 24-Aug-2022,2646.8,2640.1,2670.0,2635.35,2645.0,2639.75,2648.95,4785579,126767.5,168584, 2382456, 49.78
RELIANCE, EQ, 02-Mar-2021,2101.7,2122.0,2130.0,2089.1,2108.0,2106.0,2107.78,7915073,166832.5,244565, 2910860, 36.78
RELIANCE, EQ, 17-Sep-2021,2428.2,2446.0,2455.85,2375.6, 2387.00,2390.55,2410.13,16098099,387985.8,278098, 9460717, 58.77
RELIANCE, EQ, 30-Nov-2021,2441.5,2468.0,2475.9,2388.85,2401.2,2405.4,2424.91,14847511,360038.21,381257, 8601779, 57.93
RELIANCE, EQ, 18-Jul-2022,2401.8,2421.0,2425.0,2392.3,2423.0,2422.25,2408.23,6996757,168498.06,212210, 3641338, 52.04
RELIANCE, EQ, 11-Oct-2019,1362.75,1363.7,1365.6,1336.55, 1350.10,1352.6,1352.25,7587648,102603.68,224923, 3400105, 44.81
RELIANCE, EQ, 27-May-2021,1970.05,1970.3,1993.0,1962.25, 1990.00,1976.1,1977.57,12377100,244765.88,219255, 7857043, 63.48
RELIANCE, EQ, 15-Jul-2021,2086.0,2095.0,2095.0,2078.5, 2080.75,2082.35,2086.62,4360415,90985.5,148981, 2715754, 62.28
RELIANCE, EQ, 15-Jul-2020,1917.0,1937.95,1978.8,1798.0,1842.35,1844.0,1917.63,64458598,1236079.55,1285533, 10789672, 16.74
RELIANCE, EQ, 07-Jun-2022,2767.55,2769.9,2791.1,2752.05,2767.05,2772.75,2773.03,5703333,158154.86,232290, 2712556, 47.56
RELIANCE, EQ, 27-May-2020,1424.05,1431.0,1454.0,1412.0,1449.85,1445.55,1430.2,16460764,235422.31,348477, 6524302, 39.64
RELIANCE, EQ, 30-Jan-2020,1479.85,1479.0,1479.7,1440.0, 1443.00,1443.75,1452.4,10241756,148751.17,231136, 4854357, 47.40
RELIANCE, EQ, 17-Sep-2020,2324.55,2320.0,2333.7,2291.85, 2296.00,2298.75,2310.29,11919991,275385.77,286325, 3285052, 27.56
RELIANCE, EQ, 05-Aug-2022,2571.9,2576.0,2578.8,2526.95,2532.9,2534.0,2543.41,6434433,163654.07,249464, 4106312, 63.82
RELIANCE, EQ, 10-Feb-2022,2383.5,2395.7,2395.7,2365.1,2376.95,2381.05,2381.99,5752361,137020.87,210155, 3608073, 62.72
RELIANCE, EQ, 02-Mar-2020,1328.65,1355.1,1369.0,1301.1, 1322.00,1316.15,1343.4,13486634,181179.91,274282, 7208383, 53.45
RELIANCE, EQ, 11-Jan-2021,1933.7,1938.8,1938.8,1892.5, 1899.00,1897.25,1910.26,15371556,293637.09,479137, 7697815, 50.08
RELIANCE, EQ, 11-Nov-2021,2549.9,2540.05,2570.5,2535.55, 2556.00,2554.55,2551.89,4948422,126278.29,216865, 2846346, 57.52
RELIANCE, EQ, 23-Mar-2021,2062.4,2061.95,2109.7,2056.0, 2079.90,2087.5,2086.63,8039865,167761.89,220527, 2152080, 26.77
RELIANCE, EQ, 30-Oct-2019,1467.05,1480.0,1484.55,1460.3, 1482.60,1479.1,1471.89,7470723,109960.72,259287, 4052278, 54.24
RELIANCE, EQ, 02-Dec-2019,1551.15,1600.0,1614.45,1577.0, 1586.90,1586.5,1592.74,14275186,227366.71,273497, 6992944, 48.99
RELIANCE, EQ, 06-May-2021,1920.1,1921.85,1935.0,1906.6, 1932.00,1931.0,1920.95,6749281,129650.2,221666, 2830835, 41.94
RELIANCE, EQ, 12-May-2021,1933.15,1930.1,1932.9,1907.0,1913.05,1913.15,1915.34,6081627,116483.8,212378, 2760797, 45.40
RELIANCE, EQ, 28-Feb-2020,1386.25,1354.9,1357.0,1325.0, 1327.00,1328.65,1338.96,17973847,240662.01,373466, 9944010, 55.32
RELIANCE, EQ, 20-Jul-2021,2098.95,2099.5,2108.0,2084.0, 2089.95,2093.8,2097.18,3111185,65247.19,105619, 1089396, 35.02
RELIANCE, EQ, 16-Dec-2019,1582.9,1592.0,1593.9,1564.35, 1571.00,1566.6,1575.62,5436951,85665.69,143743, 2335358, 42.95
RELIANCE, EQ, 24-Oct-2019,1392.4,1401.0,1441.4,1386.55,1435.1,1436.45,1415.13,10351384,146486.04,247194, 3772686, 36.45
RELIANCE, EQ, 22-Sep-2021,2404.7,2408.0,2442.0,2398.25, 2430.80,2430.5,2426.47,5074612,123134.1,179090, 2811116, 55.40
RELIANCE, EQ, 05-Jan-2021,1990.85,1969.0,1983.6,1956.0, 1965.00,1966.1,1968.87,11132803,219190.19,300233, 5208047, 46.78
RELIANCE, EQ, 24-Nov-2020,1950.7,1964.0,1974.0,1932.0, 1971.05,1964.05,1952.11,14277083,278704.36,362587, 3213843, 22.51
RELIANCE, EQ, 16-Mar-2020,1105.3,1060.55,1079.7,1005.0, 1012.20,1015.7,1046.83,17594729,184187.46,441083, 8819285, 50.12
RELIANCE, EQ, 04-Feb-2022,2352.75,2341.0,2348.45,2321.1, 2330.50,2331.3,2334.17,5104761,119153.66,230586, 2346527, 45.97
RELIANCE, EQ, 11-Aug-2022,2582.5,2603.1,2609.9,2580.2,2586.7,2591.1,2593.04,3783480,98107.22,171131, 2296573, 60.70
RELIANCE, EQ, 03-Sep-2020,2128.2,2128.0,2138.75,2103.0, 2114.00,2112.1,2112.86,8577741,181235.86,219117, 3249170, 37.88
RELIANCE, EQ, 24-Jan-2020,1526.85,1527.0,1536.35,1518.55,1524.05,1521.55,1525.74,6687633,102035.95,152146, 3325568, 49.73
RELIANCE, EQ, 21-Apr-2022,2718.45,2750.9,2789.0,2732.0, 2782.00,2782.1,2773.48,10018531,277862.22,352010, 5151153, 51.42
RELIANCE, EQ, 09-Feb-2021,1951.45,1961.95,1989.6,1952.3, 1954.50,1956.15,1974.29,9047308,178619.94,254384, 3417112, 37.77
RELIANCE, EQ, 13-Jun-2022,2714.25,2650.0,2672.8,2616.3,2668.0,2662.9,2646.3,8131998,215196.68,303540, 4242241, 52.17
RELIANCE, EQ, 01-Jul-2020,1704.1,1720.0,1749.0,1708.05, 1736.25,1737.6,1730.01,13136706,227265.7,256982, 3073568, 23.40
RELIANCE, EQ, 09-Dec-2021,2418.1,2435.0,2474.9,2425.0, 2453.00,2456.45,2453.15,6098050,149594.57,248350, 2655912, 43.55
RELIANCE, EQ, 09-Dec-2019,1554.9,1556.15,1577.4,1546.5, 1572.95,1572.6,1565.26,5779807,90469.25,142669, 2531122, 43.79
RELIANCE, EQ, 05-Oct-2020,2225.25,2244.0,2249.15,2206.0, 2215.00,2212.2,2222.94,8732890,194126.5,237138, 1671283, 19.14
RELIANCE, EQ, 25-Mar-2022,2578.65,2582.5,2616.0,2577.0,2600.9,2595.85,2596.66,6563676,170436.06,276908, 3821279, 58.22
RELIANCE, EQ, 17-Jan-2022,2539.0,2538.0,2565.0,2537.0,2553.0,2552.25,2555.1,3708822,94764.27,160043, 2207498, 59.52
RELIANCE, EQ, 05-Nov-2019,1457.65,1463.1,1468.95,1441.0, 1447.50,1447.3,1449.21,5799318,84044.12,154824, 3229832, 55.69
RELIANCE, EQ, 09-Mar-2020,1271.0,1240.05,1241.0,1095.0, 1104.50,1114.15,1143.56,40317808,461059.53,846382, 19195053, 47.61
RELIANCE, EQ, 01-Jun-2021,2160.3,2166.0,2202.0,2146.5, 2164.30,2168.9,2176.52,12928379,281388.93,390299, 3398513, 26.29
RELIANCE, EQ, 16-Feb-2021,2032.6,2039.75,2079.4,2035.0, 2058.50,2059.5,2061.23,9886093,203775.37,274329, 2429172, 24.57
RELIANCE, EQ, 03-Aug-2021,2072.5,2090.0,2091.0,2064.2,2090.0,2087.75,2078.84,5453682,113373.36,137882, 2965050, 54.37
RELIANCE, EQ, 16-Dec-2021,2373.2,2405.7,2415.5,2368.65, 2413.95,2403.9,2392.29,4504829,107768.55,187830, 2041248, 45.31
RELIANCE, EQ, 02-Dec-2021,2467.0,2469.7,2496.2,2461.6, 2481.95,2482.85,2482.51,5870468,145735.16,248052, 3156679, 53.77
RELIANCE, EQ, 17-Aug-2021,2173.5,2168.85,2185.2,2147.85,2163.0,2164.25,2167.16,5841743,126599.87,190350, 3057597, 52.34
RELIANCE, EQ, 02-Feb-2021,1895.3,1914.25,1940.0,1854.95, 1936.00,1925.8,1889.81,19138414,361680.53,561567, 7369471, 38.51
RELIANCE, EQ, 15-Jun-2021,2244.9,2261.0,2274.9,2240.3, 2244.00,2250.0,2257.44,7002898,158086.11,215805, 2501188, 35.72
RELIANCE, EQ, 08-Sep-2020,2082.65,2092.0,2121.0,2080.5, 2103.10,2107.1,2108.01,12643762,266532.4,287150, 2734033, 21.62
RELIANCE, EQ, 27-Apr-2021,1937.85,1940.0,1997.2,1938.25,1990.0,1988.65,1978.64,9226547,182560.21,291197, 3772144, 40.88
RELIANCE, EQ, 11-Nov-2019,1445.5,1439.1,1444.25,1422.55, 1427.80,1427.8,1431.4,5192423,74324.16,145722, 2643548, 50.91
RELIANCE, EQ, 26-Jul-2022,2420.4,2421.1,2443.9,2411.35,2419.4,2421.5,2430.94,5216466,126809.27,188181, 2368186, 45.40
RELIANCE, EQ, 29-Sep-2021,2548.05,2570.0,2570.0,2520.05, 2530.00,2527.85,2536.91,4485721,113798.66,166259, 2223603, 49.57
RELIANCE, EQ, 03-Jan-2022,2368.15,2365.0,2407.95,2363.55, 2407.95,2403.85,2392.64,2502073,59865.69,105190, 1082865, 43.28
RELIANCE, EQ, 19-May-2021,1987.95,1980.0,2016.45,1972.0, 1993.00,1997.05,1998.55,7530294,150496.78,198257, 2310132, 30.68
RELIANCE, EQ, 31-Mar-2022,2672.95,2664.95,2669.7,2628.6, 2636.00,2634.75,2642.0,6102744,161234.66,249443, 3893403, 63.80
RELIANCE, EQ, 23-Feb-2021,2008.1,2048.0,2052.9,2013.6, 2026.15,2023.45,2034.5,11834752,240777.96,275466, 4422097, 37.37
RELIANCE, EQ, 19-May-2020,1440.75,1457.0,1461.7,1403.25,1409.1,1408.9,1436.68,19529216,280572.15,424987, 4452799, 22.80
RELIANCE, EQ, 11-Oct-2021,2671.25,2701.4,2720.0,2645.35, 2655.00,2652.65,2682.21,6815737,182812.09,247361, 3863950, 56.69
RELIANCE, EQ, 06-Apr-2021,1992.6,2004.0,2004.95,1969.0,1986.2,1984.3,1984.99,6465241,128334.7,209903, 2136383, 33.04
RELIANCE, EQ, 29-Sep-2020,2216.25,2225.0,2264.0,2216.25,2241.9,2245.05,2242.3,11927459,267449.68,269649, 2301443, 19.30
RELIANCE, EQ, 27-Apr-2020,1417.0,1434.0,1475.0,1423.0, 1431.00,1429.75,1448.31,26736512,387227.0,594518, 4031654, 15.08
RELIANCE, EQ, 08-Sep-2021,2440.9,2452.0,2454.0,2406.65, 2430.00,2431.35,2429.2,6600210,160332.48,213942, 3515264, 53.26
RELIANCE, EQ, 07-Jul-2022,2411.85,2425.9,2433.25,2375.0, 2391.00,2388.1,2392.12,10753423,257234.62,388023, 6400200, 59.52
RELIANCE, EQ, 15-Jun-2020,1588.8,1565.0,1626.95,1561.1,1612.3,1614.55,1593.39,24509162,390527.37,467105, 5136354, 20.96
RELIANCE, EQ, 30-Oct-2020,2026.9,2033.5,2065.1,2021.8, 2064.35,2054.5,2040.66,15701123,320406.07,349177, 3880807, 24.72
RELIANCE, EQ, 10-Mar-2022,2354.1,2400.0,2405.0,2360.0, 2387.00,2392.25,2386.79,8297995,198055.99,278083, 4102149, 49.44
RELIANCE, EQ, 05-Sep-2022,2530.5,2531.0,2581.5,2531.0, 2567.15,2569.8,2563.92,5227785,134036.22,189614, 2658456, 50.85
RELIANCE, EQ, 17-Aug-2020,2113.8,2105.0,2105.0,2070.1, 2094.05,2091.35,2085.65,14297224,298190.55,324590, 2115024, 14.79
RELIANCE, EQ, 02-Dec-2020,1954.9,1958.5,1962.0,1935.0, 1959.00,1958.15,1947.77,10240168,199454.7,236641, 3885070, 37.94
RELIANCE, EQ, 16-Dec-2020,1974.35,1988.0,1994.95,1965.7, 1977.55,1976.55,1977.57,8565904,169396.61,233001, 3281219, 38.31
RELIANCE, EQ, 03-Aug-2020,2067.1,2051.3,2057.0,2003.1,2007.65,2009.0,2029.05,21560137,437466.68,515571, 6839066, 31.72
RELIANCE, EQ, 04-Mar-2022,2378.3,2353.0,2364.3,2320.35, 2327.95,2325.55,2338.2,4986814,116601.49,219860, 2754095, 55.23
RELIANCE, EQ, 01-Jun-2020,1464.4,1480.0,1538.35,1475.95, 1521.90,1520.35,1512.99,18434065,278904.76,354436, 5711151, 30.98
RELIANCE, EQ, 13-Jul-2022,2420.45,2427.3,2434.0,2373.0,2379.0,2377.55,2398.49,6564435,157447.18,263635, 3820557, 58.20
RELIANCE, EQ, 09-Mar-2021,2191.1,2200.0,2213.8,2146.6, 2190.55,2191.05,2181.47,6993792,152567.36,227932, 2047400, 29.27
RELIANCE, EQ, 12-Apr-2021,1982.05,1959.0,1961.4,1900.25, 1915.65,1911.15,1922.99,9646031,185492.13,330605, 4432542, 45.95
RELIANCE, EQ, 05-Oct-2021,2556.15,2555.1,2612.0,2547.35, 2610.25,2609.2,2582.03,6245770,161267.67,190163, 3235964, 51.81
RELIANCE, EQ, 25-Mar-2021,2047.3,2054.0,2054.0,1985.0,1993.95,1991.45,2011.25,10153757,204217.44,292881, 4074888, 40.13
RELIANCE, EQ, 30-Sep-2021,2527.85,2525.0,2534.6,2500.35, 2511.00,2519.25,2517.46,6272085,157897.02,173121, 3408378, 54.34
RELIANCE, EQ, 17-Nov-2021,2517.9,2498.95,2498.95,2461.0, 2462.80,2464.0,2479.92,4708235,116760.43,240722, 2537105, 53.89
RELIANCE, EQ, 28-Mar-2022,2595.85,2610.0,2629.75,2586.5, 2617.00,2621.95,2611.69,4564891,119220.93,183261, 2149565, 47.09
RELIANCE, EQ, 08-Oct-2020,2257.5,2259.0,2268.0,2222.1,2241.5,2239.25,2242.24,9727508,218114.37,251543, 2761519, 28.39
RELIANCE, EQ, 04-Dec-2019,1578.9,1573.0,1577.5,1533.75, 1554.50,1552.7,1551.77,9594828,148889.58,246981, 4608716, 48.03
RELIANCE, EQ, 13-Jul-2020,1878.05,1903.35,1947.7,1900.0, 1938.70,1935.0,1927.07,32124397,619058.41,615947, 6448206, 20.07
RELIANCE, EQ, 01-Jun-2022,2632.65,2634.3,2655.2,2616.2,2635.0,2633.5,2638.15,4512079,119035.43,165071, 2072536, 45.93
RELIANCE, EQ, 29-Oct-2021,2598.6,2596.15,2596.15,2501.7, 2540.00,2536.25,2548.04,6568539,167368.94,277855, 3111491, 47.37
RELIANCE, EQ, 21-May-2020,1433.7,1435.0,1461.45,1425.0,1440.0,1441.25,1443.94,18077196,261024.59,353235, 5286704, 29.25
RELIANCE, EQ, 16-Feb-2022,2417.95,2430.0,2433.0,2395.95,2407.65,2412.95,2417.77,4796294,115963.26,190438, 2607957, 54.37
RELIANCE, EQ, 04-Mar-2020,1342.85,1352.0,1353.8,1307.9, 1349.00,1339.7,1331.24,10105782,134532.13,297606, 4158028, 41.15
RELIANCE, EQ, 11-Sep-2020,2314.0,2312.0,2337.85,2287.1, 2315.00,2319.75,2318.58,27445883,636354.12,599768, 6427971, 23.42
RELIANCE, EQ, 03-Aug-2022,2584.65,2600.0,2610.0,2567.45, 2606.20,2606.35,2591.04,6576824,170408.29,250247, 3725408, 56.64
RELIANCE, EQ, 08-Nov-2019,1458.6,1449.0,1459.65,1441.3, 1446.00,1445.5,1448.5,5494844,79592.84,141759, 2437863, 44.37
RELIANCE, EQ, 17-Aug-2022,2651.3,2665.0,2676.9,2655.55, 2661.70,2665.15,2666.17,3044037,81159.23,121433, 1476684, 48.51
RELIANCE, EQ, 02-Feb-2022,2378.7,2407.0,2407.0,2375.1, 2385.00,2383.55,2384.84,4623163,110254.84,153391, 2821709, 61.03
RELIANCE, EQ, 22-Jan-2020,1533.9,1544.0,1546.75,1531.1, 1535.25,1533.35,1538.16,4719245,72589.54,143828, 2043807, 43.31
RELIANCE, EQ, 18-Jun-2021,2215.65,2225.5,2235.0,2184.35, 2224.15,2225.65,2216.48,13553801,300417.25,221167, 6806773, 50.22
RELIANCE, EQ, 27-Apr-2022,2775.65,2755.85,2828.0,2755.05,2776.0,2778.35,2794.98,8924920,249449.38,380463, 4014016, 44.98
RELIANCE, EQ, 15-Jun-2022,2628.1,2617.55,2637.3,2584.4, 2595.80,2596.3,2613.39,5166738,135027.08,214934, 1888736, 36.56
RELIANCE, EQ, 07-Jul-2020,1851.8,1860.0,1864.35,1806.3, 1822.15,1823.45,1831.78,16240102,297482.24,386666, 4751023, 29.25
RELIANCE, EQ, 10-Dec-2019,1572.6,1572.05,1573.6,1554.15, 1564.90,1561.95,1561.68,4650906,72632.49,135279, 2193614, 47.17
RELIANCE, EQ, 22-Oct-2019,1416.35,1425.0,1436.85,1403.35, 1417.40,1414.15,1420.93,12703054,180501.96,317936, 4811890, 37.88
RELIANCE, EQ, 14-May-2021,1913.15,1928.05,1942.0,1906.0, 1937.00,1937.3,1925.2,6134079,118093.12,227142, 2202511, 35.91
RELIANCE, EQ, 26-Jul-2021,2105.7,2108.0,2121.0,2071.1,2073.9,2076.85,2092.34,5717830,119636.23,193266, 2229836, 39.00
RELIANCE, EQ, 03-Nov-2021,2500.8,2506.05,2520.0,2461.0, 2483.00,2483.6,2487.7,5533120,137647.33,240878, 3207104, 57.96
RELIANCE, EQ, 24-Sep-2021,2489.9,2503.55,2505.45,2472.0, 2479.00,2482.7,2488.36,7011181,174463.21,234214, 4228344, 60.31
RELIANCE, EQ, 19-May-2022,2538.35,2484.0,2512.5,2466.05,2477.9,2479.85,2494.14,6783641,169193.58,266213, 3713450, 54.74
RELIANCE, EQ, 31-Mar-2021,2029.3,2018.0,2049.9,1999.0, 2005.65,2003.1,2017.21,7499740,151285.28,193340, 2904680, 38.73
RELIANCE, EQ, 03-Jan-2020,1535.3,1533.0,1541.65,1523.0, 1536.00,1537.15,1532.73,9593498,147042.83,149003, 5288843, 55.13
RELIANCE, EQ, 03-Nov-2020,1877.45,1890.0,1909.0,1835.1,1854.5,1850.4,1873.92,40931170,767017.62,990935, 11064654, 27.03
RELIANCE, EQ, 31-Mar-2020,1030.45,1073.95,1129.8,1048.0,1100.0,1113.75,1093.37,20249909,221406.77,506536, 8062531, 39.82
RELIANCE, EQ, 23-Feb-2022,2389.0,2401.1,2406.55,2368.0,2371.25,2374.05,2391.23,3373615,80671.02,195350, 1928054, 57.15
RELIANCE, EQ, 24-Sep-2020,2230.8,2207.9,2226.0,2176.05, 2195.00,2181.2,2200.65,13765321,302926.06,328090, 4092237, 29.73
RELIANCE, EQ, 06-Apr-2022,2626.05,2587.1,2634.5,2587.1, 2616.00,2619.05,2613.61,5656703,147843.87,163311, 3640461, 64.36
RELIANCE, EQ, 14-May-2020,1496.45,1469.0,1496.7,1430.05,1437.0,1435.95,1457.61,22736714,331411.91,494402, 7400518, 32.55
RELIANCE, EQ, 03-Oct-2019,1304.9,1286.0,1314.7,1281.3, 1311.60,1311.05,1305.35,6183107,80711.38,160832, 2530785, 40.93
RELIANCE, EQ, 07-Jul-2021,2124.8,2127.75,2127.75,2098.0, 2112.00,2110.05,2109.85,4824931,101798.76,227151, 2480476, 51.41
RELIANCE, EQ, 08-Sep-2022,2581.75,2588.25,2598.0,2571.0, 2583.05,2585.4,2583.54,3256840,84141.88,116529, 1821103, 55.92
RELIANCE, EQ, 18-Jun-2020,1615.35,1607.0,1665.0,1605.6,1662.9,1655.9,1636.4,18677694,305640.98,327308, 7786788, 41.69
RELIANCE, EQ, 22-Jan-2021,2099.4,2111.0,2115.35,2035.15, 2047.95,2049.6,2070.96,14090818,291815.83,388593, 3512524, 24.93
RELIANCE, EQ, 10-Mar-2021,2191.05,2207.0,2215.1,2170.25, 2179.40,2181.95,2187.67,5316182,116300.75,163700, 1461484, 27.49
RELIANCE, EQ, 22-Nov-2021,2473.3,2436.1,2449.0,2351.0,2365.65,2363.75,2380.24,11133364,265001.13,469744, 6257212, 56.20
RELIANCE, EQ, 04-Mar-2021,2202.1,2180.0,2189.95,2157.7, 2174.00,2175.85,2175.57,9892597,215220.7,259806, 3808559, 38.50
RELIANCE, EQ, 29-Oct-2020,2011.45,1997.0,2042.0,1991.0,2029.05,2026.9,2019.57,14147681,285721.86,382087, 3346100, 23.65
RELIANCE, EQ, 09-Mar-2022,2235.5,2236.0,2367.0,2234.15, 2358.30,2354.1,2316.35,9421163,218227.06,325395, 4647153, 49.33
RELIANCE, EQ, 21-May-2021,1985.4,1992.0,2009.6,1986.0, 1999.60,2002.55,1999.87,4977555,99544.42,182141, 1909912, 38.37
RELIANCE, EQ, 13-Jul-2021,2084.1,2100.0,2103.05,2088.05, 2099.00,2099.7,2097.12,3099956,65009.81,106030, 1601381, 51.66
RELIANCE, EQ, 17-Oct-2019,1372.35,1375.0,1399.0,1372.0, 1394.95,1396.5,1384.72,7332464,101534.22,164517, 3665912, 50.00
RELIANCE, EQ, 12-Apr-2022,2610.2,2587.0,2602.6,2555.4, 2560.00,2561.05,2571.18,6099986,156841.4,277354, 4019726, 65.90
RELIANCE, EQ, 08-Oct-2021,2572.4,2585.25,2684.4,2581.5, 2669.20,2671.25,2642.81,7279003,192370.5,253640, 2953704, 40.58
RELIANCE, EQ, 20-Jun-2022,2590.0,2605.0,2617.1,2521.1,2542.9,2543.05,2552.96,5568825,142169.89,228914, 2410448, 43.28
RELIANCE, EQ, 30-Sep-2020,2245.05,2260.0,2267.0,2225.0,2231.0,2234.35,2251.01,11291280,254167.41,232560, 2777751, 24.60
RELIANCE, EQ, 22-Aug-2022,2613.85,2617.0,2631.3,2586.0, 2602.50,2606.6,2606.47,4371179,113933.41,193858, 2185175, 49.99
RELIANCE, EQ, 25-Mar-2020,943.4,963.8,1151.55,963.25, 1074.00,1082.25,1053.49,33433126,352213.38,799060, 16920113, 50.61
RELIANCE, EQ, 17-Nov-2020,2002.3,2085.0,2085.0,1985.0, 1994.80,1993.25,2013.16,21479385,432413.64,462630, 5819797, 27.09
RELIANCE, EQ, 17-Jan-2020,1537.9,1553.5,1584.95,1553.2, 1581.00,1581.0,1573.0,13469708,211879.07,279304, 5551881, 41.22
RELIANCE, EQ, 29-Nov-2019,1580.3,1581.95,1581.95,1547.85, 1553.00,1551.15,1558.76,8484822,132258.31,237128, 5173503, 60.97
